year,amministration_invest,social_invest,environment_invest,transport_invest,education_invest,culture_invest,sport_invest,tourism_invest,economic_invest,sevice_invest,police_invest,justice_invest,orientation
2005,10.08,0.0,36.36,28.98,4.35,0.0,2.87,0.0,0.36,14.96,0.7,2.04,Right
2006,7.72,0.0,45.45,36.36,4.91,1.52,0.36,0.0,0.0,0.07,0.43,3.3,Right
2005,53.46,6.21,13.6,15.75,3.1,5.49,1.69,0.0,0.0,0.0,0.19,0.48,Left
2006,46.77,8.62,7.38,22.15,2.56,11.08,0.36,0.0,0.0,1.05,0.14,0.0,Left
2008,28.16,5.34,17.96,29.61,12.14,4.51,1.51,0.0,0.0,0.01,0.47,0.0,Right
2009,41.84,12.06,9.93,24.11,7.8,1.36,2.16,0.0,0.0,1.41,0.0,0.0,Right
2010,28.51,11.49,11.91,30.64,11.49,1.78,3.77,0.0,0.0,0.0,0.58,0.0,Right
2011,80.29,1.79,3.58,11.24,2.28,0.18,0.43,0.0,0.0,0.0,0.11,0.0,Right
2013,3.25,6.48,3.18,69.44,16.67,0.8,0.35,0.0,0.0,0.0,0.04,0.0,Left
2014,84.76,0.66,1.58,12.64,0.27,0.06,0.0,0.0,0.0,0.0,0.0,0.0,Left
2005,50.84,1.19,17.78,17.06,6.32,0.83,3.82,0.01,0.43,0.65,0.39,0.59,Left
2007,17.53,2.6,36.36,16.67,10.39,7.58,5.41,0.0,0.12,1.02,0.76,1.73,Left
2008,14.58,5.06,34.82,16.96,5.95,10.71,9.23,0.0,0.33,0.07,0.17,1.81,Left
2010,8.46,9.95,45.27,10.45,14.43,5.47,3.89,0.0,1.02,0.0,0.45,0.46,Left
2011,6.22,6.74,44.04,17.1,13.47,11.4,0.9,0.0,0.23,0.0,0.02,0.2,Left
2012,5.33,7.83,40.36,21.08,12.65,8.43,3.74,0.0,1.03,0.0,0.0,0.14,Left
2014,4.31,12.61,27.03,39.64,11.71,1.19,3.2,0.0,0.03,0.0,0.0,0.0,Left
2005,12.77,2.71,6.38,22.7,13.83,0.91,12.41,0.0,5.67,0.0,0.03,22.7,Right
2007,17.36,9.92,26.45,24.79,9.09,1.94,4.7,0.21,0.47,0.0,2.25,3.1,Left
2008,21.09,8.84,10.2,33.33,6.27,0.84,14.97,0.17,0.06,0.0,1.06,2.76,Left
2009,28.1,6.55,20.66,30.58,2.85,1.0,4.93,0.0,2.46,0.0,0.43,2.19,Left
2010,32.26,1.63,9.68,46.77,5.51,0.03,2.07,0.25,0.93,0.0,0.0,0.33,Left
2012,18.99,5.95,15.19,43.04,2.95,6.33,2.16,0.61,4.17,0.0,0.29,0.22,Left
2013,20.89,3.37,19.62,13.29,0.28,10.76,13.92,3.92,9.49,0.0,0.37,3.02,Left
2014,21.78,0.48,31.68,11.88,3.55,8.05,1.02,9.07,9.9,0.0,0.34,2.21,Left
2005,55.43,5.56,14.86,15.43,0.46,0.25,2.93,4.23,0.03,0.0,0.48,0.17,Right
2006,72.31,4.55,14.05,4.96,0.42,0.13,2.5,1.01,0.01,0.03,0.18,0.0,Right
2007,42.76,10.53,13.82,14.47,2.38,6.44,8.55,1.03,0.0,0.06,0.26,0.0,Right
2008,45.69,8.49,12.07,20.69,3.65,3.88,4.63,1.19,0.02,0.22,0.19,0.0,Right
2010,54.31,12.93,12.07,12.93,2.34,4.06,0.64,0.21,0.1,0.0,0.38,0.0,Right
2011,62.03,7.91,12.15,7.43,4.28,4.89,0.83,0.01,0.01,0.0,1.08,0.0,Right
2012,59.77,5.05,1.92,14.94,3.82,9.58,2.17,0.0,0.0,2.19,0.69,0.0,Right
2013,46.53,4.56,8.12,23.76,7.86,5.7,2.29,0.0,0.0,0.0,0.63,0.0,Right
2005,30.29,2.85,12.57,29.71,5.14,1.71,6.86,0.0,0.01,0.0,0.11,11.43,Left
2006,37.5,5.68,23.3,19.32,2.1,4.61,3.38,0.01,0.36,0.0,0.1,4.11,Left
2008,33.71,3.34,25.28,20.79,10.11,1.02,3.35,0.0,0.84,0.0,0.64,0.96,Right
2009,30.28,3.94,24.65,18.31,15.49,2.31,3.48,0.0,0.03,0.0,0.55,0.62,Right
2010,22.67,1.22,24.67,22.0,22.0,1.5,5.2,0.0,0.05,0.0,0.43,0.52,Right
2011,32.73,4.08,12.73,16.36,21.82,7.37,3.62,0.34,0.13,0.0,0.43,0.09,Right
2013,26.23,5.88,16.39,34.43,9.46,3.94,1.24,0.0,1.79,0.0,0.68,0.05,Left
2014,39.06,3.45,5.94,17.19,4.39,10.45,13.92,0.0,3.5,0.15,0.54,0.18,Left
2005,11.89,9.43,57.79,7.79,4.1,4.51,3.23,0.0,0.12,0.0,0.62,0.54,Left
2006,5.78,14.45,56.65,6.94,5.1,3.7,5.03,0.0,0.49,0.0,0.42,1.21,Left
2007,7.17,5.06,49.79,17.3,4.12,10.13,4.22,0.0,0.28,0.43,1.02,0.77,Left
2008,11.11,3.03,35.86,34.34,1.79,7.32,5.05,0.0,0.03,0.0,0.37,0.71,Left
2010,8.0,3.12,48.0,27.2,4.99,2.52,3.16,0.0,2.55,0.0,0.01,0.25,Left
2011,2.33,6.7,37.1,25.81,15.17,1.51,5.68,0.0,2.21,0.0,1.07,2.55,Left
2012,1.23,1.03,53.9,26.24,12.77,0.21,2.49,0.0,0.29,0.0,1.47,0.67,Left
2013,2.47,0.22,51.32,33.33,10.05,1.07,1.24,0.0,0.0,0.0,0.01,0.54,Left
2014,1.24,0.08,34.46,51.41,10.17,0.03,1.74,0.0,0.0,0.0,0.01,0.5,Left
2005,16.07,4.08,50.6,14.63,5.28,0.3,2.03,0.12,5.52,0.0,1.49,0.0,Left
2006,16.53,9.64,38.02,11.57,6.34,0.05,4.96,1.44,8.82,0.02,2.16,0.0,Left
2007,20.25,6.34,22.73,15.15,4.68,22.59,3.58,0.26,3.72,0.01,0.8,0.0,Left
2008,24.18,7.06,36.86,15.03,5.1,6.93,2.61,0.15,1.57,0.0,0.54,0.0,Left
2010,17.75,7.1,31.36,20.91,4.54,1.69,5.33,0.31,9.47,0.0,1.41,0.0,Left
2011,12.25,5.93,39.53,17.39,8.7,1.87,5.93,0.06,4.74,0.0,3.7,0.0,Left
2012,20.15,6.38,31.12,23.21,6.63,3.32,1.76,1.35,4.85,0.06,1.25,0.0,Left
2013,36.18,4.71,25.0,22.35,6.18,2.05,1.32,0.91,0.68,0.0,0.61,0.0,Left
2005,39.45,0.47,28.44,17.43,1.94,7.18,2.76,0.3,0.02,0.0,0.94,0.33,Left
2007,6.53,4.49,65.31,15.1,1.54,4.01,1.95,0.0,0.27,0.0,0.69,0.01,Left
2008,7.72,3.23,52.01,23.49,0.93,6.71,4.7,0.0,0.01,0.0,0.86,0.0,Left
2009,10.32,5.16,61.11,12.3,0.59,7.14,2.82,0.0,0.0,0.0,0.43,0.0,Left
2010,15.38,6.24,29.49,28.21,10.26,7.69,1.2,0.0,0.63,0.0,0.16,0.0,Left
2012,29.21,1.43,21.35,14.61,12.36,8.82,4.18,0.0,8.17,0.0,0.31,0.43,Left
2013,12.62,0.3,27.18,39.81,2.82,4.74,0.58,0.0,11.65,0.0,0.0,0.0,Left
2014,9.7,0.25,12.69,71.64,2.75,1.2,0.23,0.01,1.52,0.0,0.05,0.29,Left
2005,9.08,5.73,23.68,25.0,15.79,0.5,15.79,3.44,1.09,0.0,0.37,0.0,Left
2006,51.32,5.68,10.75,15.79,0.77,4.13,10.44,0.0,1.5,0.0,0.0,0.29,Left
2007,41.3,2.96,6.54,39.13,6.44,0.07,5.61,0.16,0.0,0.0,0.0,0.0,Right
2008,20.59,9.25,3.33,39.02,13.17,0.0,11.36,0.0,0.0,0.0,1.8,0.0,Right
2009,8.0,6.67,3.89,46.0,18.67,0.2,15.33,0.0,0.01,0.0,0.75,0.0,Right
2010,7.94,5.4,28.57,41.07,4.32,0.0,11.53,0.0,0.87,0.0,0.0,0.09,Right
2011,32.51,5.83,12.04,20.1,2.85,0.45,22.81,0.0,1.52,0.0,1.4,0.0,Right
2013,37.5,6.1,19.96,12.82,4.74,10.51,0.0,0.0,0.8,0.0,5.01,0.49,Left
2014,22.72,0.48,21.69,28.41,20.83,4.95,2.33,0.0,0.22,0.0,0.09,0.0,Left
2005,29.15,1.77,22.67,26.32,3.15,4.45,3.26,0.0,8.91,0.0,0.04,0.05,Right
2012,6.62,1.41,37.09,31.13,0.26,3.8,0.89,0.0,1.08,0.0,0.0,17.88,Left
2013,19.57,2.9,34.78,38.04,0.91,0.8,0.2,0.0,1.27,0.0,0.41,2.11,Left
2014,64.85,1.04,25.94,7.53,0.24,0.0,0.01,0.0,0.62,0.0,0.15,0.19,Left
2005,11.49,4.66,20.19,24.53,10.87,7.45,2.68,0.0,0.0,0.0,0.68,17.7,Left
2006,8.33,1.06,23.92,28.49,14.25,8.6,3.49,0.0,0.0,0.0,0.55,11.29,Left
2007,13.73,6.72,13.73,33.05,12.32,12.04,4.2,0.0,0.08,0.0,0.24,4.48,Left
2008,6.74,6.74,28.3,29.65,4.85,16.98,4.85,0.0,0.65,0.0,0.03,1.52,Left
2010,6.55,6.91,27.27,28.36,12.73,9.82,7.64,0.0,0.0,0.0,0.83,0.03,Right
2011,14.0,8.0,31.5,18.5,8.0,10.0,7.0,0.0,0.0,0.0,3.21,0.0,Right
2012,6.48,4.02,38.87,17.41,7.69,16.6,3.7,0.0,0.0,0.0,5.67,0.0,Right
2013,12.86,3.62,23.33,26.19,5.24,19.05,9.52,0.0,0.0,0.0,0.01,0.0,Right
2005,13.19,5.98,14.29,43.96,9.18,8.04,3.39,1.13,0.06,0.01,1.27,0.0,Left
2006,13.76,7.75,30.28,28.44,10.09,3.65,4.52,0.0,0.0,0.0,0.39,0.27,Left
2007,18.55,15.32,16.94,28.23,11.29,5.13,1.74,0.0,0.07,0.0,2.43,0.02,Left
2008,18.18,6.26,24.24,24.24,18.18,0.81,9.04,0.0,0.0,0.0,0.48,0.17,Left
2010,35.71,3.19,17.86,21.43,8.27,6.02,4.83,0.0,0.0,0.0,1.13,1.32,Right
2011,35.4,0.4,29.2,15.93,4.26,7.34,5.42,0.05,0.02,0.0,0.24,2.21,Right
2012,7.12,1.7,24.39,23.17,6.74,28.05,6.67,0.0,0.0,0.0,2.6,0.39,Right
2013,12.21,0.0,31.43,34.29,12.01,6.29,2.76,0.0,0.0,0.0,0.0,0.06,Right
2005,70.05,2.3,7.13,11.81,2.69,1.58,2.93,0.0,1.35,0.0,0.05,0.09,Left
2006,56.06,3.53,15.19,10.22,5.06,2.62,2.35,0.0,0.74,3.89,0.09,0.22,Left
2007,59.28,2.06,12.38,10.58,7.44,5.38,0.88,0.0,1.43,0.2,0.24,0.0,Left
2008,66.72,2.15,9.38,14.37,3.69,2.31,0.74,0.0,0.11,0.23,0.18,0.13,Left
2009,56.89,2.05,11.08,15.55,9.59,2.33,0.47,0.0,0.01,2.05,0.04,0.0,Left
2011,52.25,3.65,14.98,19.12,6.09,1.34,0.87,0.02,0.98,0.0,0.64,0.0,Left
2012,66.98,1.03,4.25,13.84,11.01,1.89,0.42,0.05,0.21,0.0,0.45,0.0,Left
2013,48.08,2.36,14.6,21.39,8.55,2.8,0.54,0.0,0.58,0.03,0.0,0.85,Left
2014,55.98,0.76,9.89,18.73,6.66,2.19,5.2,0.0,0.26,0.0,0.23,0.01,Left
2005,41.04,6.34,7.28,15.67,18.47,1.87,4.66,1.26,0.26,2.61,0.12,0.24,Left
2006,23.73,13.28,4.24,18.08,28.53,4.8,5.08,0.98,0.35,0.07,0.11,0.68,Left
2007,18.82,6.18,11.18,20.59,30.88,5.29,4.12,0.83,0.13,1.92,0.13,0.38,Left
2008,20.85,3.27,11.06,25.38,29.15,3.02,2.24,0.53,0.44,3.77,0.17,0.2,Left
2009,28.25,11.02,11.3,24.86,13.28,3.95,4.24,0.35,0.2,1.61,0.22,0.45,Left
2005,41.88,3.83,31.54,8.07,4.24,6.83,1.45,0.05,0.14,0.0,1.55,0.33,Left
2006,32.8,4.66,31.83,15.43,8.04,3.54,3.05,0.0,0.0,0.0,0.55,0.06,Left
2007,25.97,10.28,26.11,10.97,12.08,2.08,6.81,0.04,0.0,0.0,4.72,0.84,Left
2009,73.84,3.46,5.75,8.99,2.58,0.96,2.28,0.0,0.02,0.0,1.11,0.96,Right
2010,67.55,3.44,12.61,6.77,6.08,0.64,1.15,0.0,0.05,0.0,0.84,0.93,Right
2011,62.62,4.18,10.0,9.75,5.57,2.05,3.11,0.0,0.9,0.0,1.48,0.38,Right
2012,64.17,8.31,9.42,7.85,4.06,1.66,1.48,0.0,1.48,0.0,1.39,0.19,Right
2014,63.74,2.72,8.24,20.33,1.49,0.7,2.47,0.0,0.0,0.0,0.2,0.08,Left
2005,14.07,1.05,55.28,11.06,9.55,0.74,4.78,0.0,0.4,0.0,1.25,1.45,Right
2006,13.54,1.57,38.02,12.5,7.29,8.85,7.81,0.0,0.0,3.9,5.73,0.45,Right
2007,25.39,4.3,23.83,9.38,12.11,12.11,2.8,0.66,6.25,2.25,0.64,0.0,Right
2008,14.13,6.36,27.92,25.8,8.83,5.3,1.75,3.53,3.89,0.95,1.12,0.0,Right
2010,13.25,7.83,24.7,27.11,13.86,4.33,6.63,0.0,0.0,0.0,0.6,1.93,Right
2011,35.08,6.81,10.99,24.61,12.57,4.86,5.03,0.0,0.2,0.02,0.0,0.03,Right
2012,42.6,4.48,21.52,23.32,2.27,3.75,1.53,0.0,0.06,0.0,0.0,0.24,Left
2013,32.31,3.93,14.87,36.92,5.64,1.51,2.15,0.0,2.63,0.0,0.0,0.03,Left
2014,5.26,4.39,25.81,47.31,4.52,4.42,1.73,0.0,4.88,0.0,0.0,0.86,Left
2005,29.42,6.7,28.49,18.62,1.86,8.94,4.1,0.22,1.27,0.0,0.54,0.0,Right
2007,29.65,2.62,33.58,13.52,5.81,8.28,4.22,0.03,1.45,0.0,0.47,0.03,Right
2008,29.27,2.44,23.24,20.52,3.16,16.64,2.44,0.2,1.08,0.0,1.04,0.0,Right
2009,43.11,5.31,13.39,21.46,5.12,6.5,3.74,0.01,0.49,0.0,0.63,0.05,Right
2010,43.96,5.49,14.51,21.76,4.62,5.71,2.86,0.16,0.32,0.0,0.49,0.0,Right
2005,14.26,13.87,53.33,4.79,11.95,0.44,1.63,0.0,0.03,0.0,0.92,0.0,Left
2006,23.64,5.19,23.64,13.49,12.74,0.04,0.66,0.0,3.39,0.0,1.09,16.76,Left
2007,22.73,3.69,27.27,9.07,4.85,0.2,2.25,0.43,2.54,0.0,1.84,25.76,Left
2008,21.74,0.68,26.09,18.26,9.58,1.87,4.45,0.55,3.9,0.0,2.1,10.84,Left
2010,7.97,3.89,34.09,38.64,3.4,1.1,10.33,0.0,0.0,0.0,0.84,0.0,Right
2011,11.16,16.07,31.58,28.95,7.34,0.18,0.99,0.0,1.54,0.0,0.92,0.0,Right
2012,16.97,1.14,30.77,28.21,7.3,0.03,1.79,0.0,0.71,0.0,1.0,11.4,Right
2013,6.62,0.19,32.69,26.92,0.33,0.01,2.94,0.0,12.86,0.0,1.52,16.04,Right
2005,20.47,4.75,28.35,30.71,5.76,0.03,4.85,0.0,2.08,0.0,0.01,3.02,Left
2006,8.14,5.5,36.63,36.63,1.34,0.94,4.29,0.0,4.18,0.03,0.62,2.03,Left
2007,6.98,41.86,19.19,12.79,7.56,0.34,4.89,0.0,3.28,0.01,1.42,1.42,Left
2008,3.76,50.0,17.82,8.05,8.05,0.1,6.9,0.0,5.06,0.03,0.62,0.0,Left
2010,1.24,7.55,23.08,58.24,2.97,0.22,4.71,0.0,2.69,0.05,0.0,0.0,Right
2011,1.34,18.2,27.91,37.21,9.18,0.0,3.54,0.0,2.55,0.0,2.01,0.0,Right
2012,1.27,13.44,14.74,30.3,30.3,6.25,3.36,0.0,1.17,0.0,0.04,0.0,Right
2013,1.71,12.91,34.62,21.15,25.0,0.0,1.34,0.0,1.78,0.0,0.0,0.0,Right
2005,29.24,2.19,35.67,5.26,11.7,11.7,1.45,0.0,2.3,0.0,0.27,0.0,Left
2005,27.13,5.68,13.56,27.76,8.83,1.8,6.94,0.0,6.62,0.0,0.12,1.79,Right
2007,23.6,1.34,24.57,30.41,3.16,5.84,2.92,0.0,5.84,0.04,0.07,2.43,Left
2008,21.07,2.29,13.96,42.64,6.35,9.14,0.85,0.0,3.3,0.0,0.0,0.26,Left
2009,8.01,0.67,17.72,58.98,1.3,7.52,0.06,0.0,5.83,0.0,0.0,0.08,Left
2010,11.57,1.99,39.67,32.23,11.57,3.05,0.11,0.0,0.06,0.0,0.0,0.0,Left
2012,9.55,4.58,19.03,53.85,4.27,3.44,5.73,0.0,0.0,0.0,0.0,0.0,Right
2013,16.39,2.45,32.79,31.15,9.17,0.12,0.46,0.0,0.0,0.0,6.99,0.0,Right
2014,16.87,1.05,45.78,27.71,3.03,3.0,0.0,0.0,0.0,0.0,2.71,0.0,Right
2005,46.5,0.0,8.39,22.55,12.06,1.55,2.62,0.0,1.61,4.72,0.0,0.0,Right
2006,30.62,2.63,9.99,47.83,3.02,1.84,1.45,0.0,0.6,2.1,0.0,0.0,Right
2007,31.11,2.31,19.43,30.98,9.92,2.17,2.99,0.0,0.09,1.02,0.0,0.0,Right
2009,32.21,1.96,18.24,11.49,15.09,0.73,1.61,0.0,0.96,17.79,0.0,0.0,Right
2010,28.77,1.01,24.22,10.83,18.8,1.06,0.32,0.0,0.16,14.81,0.0,0.0,Right
2011,24.78,0.23,38.26,5.22,29.57,0.43,0.95,0.0,0.28,0.29,0.0,0.0,Right
2012,18.65,8.29,15.54,11.92,15.54,0.05,0.07,0.0,4.8,24.87,0.09,0.0,Right
2014,28.81,6.78,19.21,9.6,10.73,0.09,0.68,0.0,0.0,20.34,3.07,0.0,Left
2005,15.43,5.24,36.17,11.17,8.51,11.17,11.7,0.0,0.12,0.0,0.02,0.02,Right
2007,10.92,3.73,51.15,8.05,9.2,16.09,0.17,0.0,0.04,0.0,0.4,0.16,Left
2008,5.48,3.63,56.62,11.87,9.59,5.94,5.94,0.02,0.66,0.0,0.07,0.0,Left
2009,5.12,2.55,56.74,11.16,5.58,10.7,4.65,0.16,2.8,0.0,0.04,0.19,Left
2010,2.56,5.2,57.69,6.66,4.59,18.46,1.41,0.08,0.04,0.0,0.17,2.81,Left
2011,5.3,4.67,39.66,18.44,4.42,7.82,4.99,0.21,0.0,0.0,0.2,14.53,Left
2013,10.11,0.31,41.57,16.85,4.83,0.32,5.17,3.22,0.04,0.0,0.32,17.42,Right
2014,9.34,1.13,44.94,12.36,8.43,4.87,0.99,11.03,0.0,0.0,0.28,7.1,Right
2005,17.48,9.51,18.45,31.07,14.56,0.02,9.26,0.0,0.09,0.0,0.06,0.11,Left
2006,34.69,12.24,12.24,31.63,0.99,0.04,7.48,0.0,0.56,0.0,0.18,0.0,Left
2007,28.3,16.35,13.84,23.27,6.92,0.0,10.06,0.0,0.68,0.0,0.41,0.0,Left
2008,17.68,3.86,37.2,29.27,3.02,0.12,8.54,0.0,0.06,0.0,0.17,0.0,Left
2009,36.13,3.48,22.69,31.09,2.53,0.02,3.67,0.0,0.24,0.0,0.28,0.0,Left
2011,10.04,0.93,24.73,43.01,16.13,0.16,4.23,0.0,0.03,0.0,0.03,1.13,Right
2012,11.96,2.13,40.26,33.77,9.58,0.39,0.61,0.0,0.03,0.0,1.64,0.16,Right
2013,21.6,4.78,21.6,34.4,16.0,0.0,1.59,0.0,0.04,0.0,0.19,0.11,Right
2014,100.0,0.0,0.0,0.0,0.0,0.0,0.0,0.0,0.0,0.0,0.0,0.0,Right
2005,32.73,6.55,17.09,26.18,8.73,5.45,0.89,0.11,1.5,0.01,0.37,0.16,Right
2006,19.54,9.58,9.58,28.74,20.31,4.6,6.9,0.13,0.13,0.01,0.52,0.24,Right
2008,16.33,7.48,32.65,20.41,8.84,6.58,6.08,0.0,0.54,0.0,1.07,0.21,Right
2009,17.78,5.38,40.0,22.22,6.95,3.88,2.04,0.0,0.24,0.0,1.13,0.32,Right
2010,15.97,3.03,45.38,20.17,7.32,4.7,1.78,0.58,0.22,0.0,0.67,0.25,Right
2011,7.0,2.92,27.27,34.09,17.05,4.92,0.62,0.0,2.97,0.0,2.79,0.04,Right
2013,22.67,2.69,18.67,33.33,6.23,4.25,0.22,0.06,9.35,0.0,3.03,0.0,Left
2014,35.4,3.14,22.12,15.93,9.73,3.23,1.82,0.38,6.74,0.17,0.19,0.19,Left
2005,64.55,3.8,21.69,5.82,2.13,0.08,1.25,0.0,0.1,0.0,0.0,0.0,Left
2007,50.32,4.43,23.23,10.97,5.45,1.03,4.7,0.0,0.0,0.0,0.0,0.0,Left
2008,29.55,7.14,44.7,11.36,5.34,0.3,1.32,0.0,0.0,0.0,0.0,0.0,Left
2009,15.29,3.46,65.88,8.24,0.72,4.81,1.0,0.0,0.0,0.0,0.0,0.0,Left
2010,37.35,6.02,31.33,16.27,4.7,3.12,0.85,0.0,0.0,0.0,0.0,0.0,Left
2005,28.17,8.45,34.51,10.56,3.42,2.24,10.56,0.0,0.24,0.0,0.35,0.89,Left
2006,18.68,8.24,23.63,19.78,5.49,1.41,4.76,0.71,0.0,1.54,0.6,14.84,Left
2007,78.94,0.87,6.12,8.49,1.1,0.51,1.25,0.08,0.45,0.21,0.03,1.93,Left
2008,77.36,1.43,5.5,3.93,2.36,0.72,1.51,0.06,4.72,0.0,0.12,2.2,Left
2010,19.86,4.41,29.79,12.06,2.74,2.64,5.49,0.01,21.99,0.0,0.6,0.5,Right
2011,26.61,3.88,34.86,13.76,7.75,2.53,5.56,0.0,4.3,0.0,0.09,0.07,Right
2012,14.66,5.94,30.17,38.79,2.59,1.04,5.37,0.0,0.09,0.42,0.39,0.09,Right
2013,6.64,11.44,30.26,43.17,4.06,1.34,2.64,0.0,0.04,0.0,0.11,0.06,Right
2005,24.48,8.39,51.05,3.46,9.09,0.27,0.02,0.0,1.71,0.0,0.65,0.03,Right
2007,14.74,6.0,69.47,0.18,5.95,1.49,0.03,0.0,0.83,0.0,0.73,0.01,Left
2008,25.81,3.94,66.13,0.77,1.57,0.71,1.71,0.0,0.0,0.0,0.18,0.0,Left
2009,11.34,1.01,78.35,1.59,0.63,0.09,6.36,0.0,0.01,0.0,0.32,0.01,Left
2010,34.85,4.05,46.97,4.69,2.05,1.04,5.71,0.0,0.01,0.0,0.09,0.03,Left
2012,36.67,6.51,42.5,10.83,0.12,0.64,1.54,0.0,0.0,0.0,1.11,0.0,Left
2013,57.98,14.29,21.85,3.09,0.36,0.1,0.93,0.0,1.74,0.0,0.64,0.0,Left
2014,60.14,6.48,22.38,9.09,1.93,0.02,0.02,0.0,0.01,0.0,0.65,0.0,Left
2005,13.55,6.29,16.77,18.06,14.84,15.48,3.55,0.97,3.98,3.76,0.2,2.43,Left
2006,18.38,8.82,8.09,19.85,12.5,11.76,8.09,5.82,0.06,0.0,0.33,6.63,Left
2008,8.19,9.36,7.02,18.71,43.27,8.77,3.06,0.0,0.41,0.0,0.27,0.25,Left
2009,32.93,20.36,11.38,16.77,7.19,7.78,2.56,0.0,0.23,0.0,0.48,0.17,Left
2010,34.97,5.11,18.88,16.78,4.72,10.49,8.39,0.9,0.12,0.0,0.11,0.05,Left
2011,13.0,12.0,11.0,21.0,3.74,31.0,5.51,0.12,0.6,0.0,1.25,0.54,Left
2005,1.54,1.2,44.72,35.11,7.56,4.66,6.27,0.0,0.02,0.0,0.0,0.06,Left
2006,24.86,0.0,11.5,24.91,33.3,1.25,4.19,0.0,0.0,0.0,0.0,0.0,Left
2007,8.15,0.0,18.09,15.58,15.12,0.0,44.49,0.0,0.0,0.0,0.0,0.0,Left
2008,14.34,0.0,6.57,21.15,5.71,1.88,42.31,0.0,1.61,0.0,1.15,3.23,Left
2009,13.57,0.04,2.83,20.88,15.6,1.19,44.44,0.0,0.01,0.0,0.06,0.38,Left
2011,57.36,0.66,2.15,3.93,7.4,4.8,5.25,0.46,17.75,0.0,0.0,1.92,Left
2012,28.12,11.79,10.66,20.97,11.83,0.0,15.71,0.0,0.19,0.0,0.0,0.73,Left
2013,46.0,3.93,16.07,17.69,10.29,0.0,2.92,0.0,0.0,0.0,2.26,2.1,Left
2014,52.38,0.35,22.36,20.21,5.63,0.0,0.69,0.01,0.0,0.0,0.55,0.03,Left
2005,15.13,3.73,21.85,22.69,21.85,7.99,5.86,0.0,0.14,0.08,0.36,0.0,Right
2007,10.07,1.86,34.23,26.17,10.74,6.52,10.07,0.0,0.0,0.05,0.22,0.0,Right
2008,13.13,4.79,21.21,28.28,17.17,7.7,6.73,0.02,0.03,0.01,0.23,0.69,Right
2009,21.35,12.36,6.8,22.47,22.47,6.23,7.39,0.0,0.0,0.23,0.37,0.63,Right
2010,15.59,7.01,8.97,30.19,30.19,1.17,5.9,0.0,0.06,0.0,0.04,1.07,Right
2012,24.31,11.16,12.05,26.83,15.88,6.73,2.1,0.0,0.07,2.2,0.01,0.01,Left
2013,36.36,5.89,9.02,33.33,8.6,4.52,2.54,0.0,0.02,0.0,0.0,0.0,Left
2014,22.81,11.65,13.31,33.33,5.44,9.37,2.72,0.8,0.02,0.0,0.7,0.0,Left
2005,28.99,3.09,34.04,18.24,8.14,4.23,1.05,0.01,0.58,0.33,0.17,1.33,Left
2006,42.64,2.99,11.47,26.18,4.24,6.73,2.24,0.08,2.23,0.52,0.0,0.72,Left
2007,47.7,4.85,11.22,19.13,4.08,6.38,1.98,0.1,3.83,0.01,0.01,0.3,Left
2008,54.68,4.68,8.39,15.81,5.0,4.68,4.35,0.15,1.94,0.06,0.1,0.04,Left
2010,12.05,3.46,25.0,44.2,6.25,0.93,4.91,0.05,0.5,1.47,0.51,0.44,Left
2011,8.11,2.9,25.41,36.76,11.35,9.73,3.9,0.04,0.61,0.0,0.58,0.44,Left
2012,5.76,4.64,30.89,34.55,14.66,1.68,2.97,0.04,3.28,0.04,0.13,0.51,Left
2013,27.05,5.74,17.62,28.69,9.43,2.0,2.22,0.45,6.56,0.0,0.34,0.0,Left
2005,36.24,3.2,16.68,18.56,5.77,4.45,2.13,0.0,1.25,0.4,0.35,10.85,Left
2006,30.68,2.53,13.66,27.2,6.77,4.93,1.9,0.0,1.14,0.31,0.89,9.93,Left
2007,34.38,1.44,14.7,26.11,6.08,5.19,2.94,0.02,0.75,0.22,0.56,7.59,Left
2008,37.17,1.04,11.45,37.56,3.36,2.71,0.94,0.0,0.54,0.0,0.64,4.64,Left
2010,7.05,1.58,14.51,47.76,5.39,6.88,1.41,0.01,1.33,0.0,0.22,13.85,Left
2011,9.53,2.66,8.91,27.66,5.47,35.47,3.12,0.0,0.82,0.0,1.3,5.0,Left
2012,10.4,1.51,17.01,34.59,4.73,24.01,4.35,0.04,0.23,0.0,0.41,2.84,Left
2013,8.79,3.52,6.71,28.47,8.99,37.46,2.87,0.23,0.33,0.0,0.59,2.08,Left
2005,16.99,5.79,52.9,15.44,1.51,0.81,0.77,0.0,3.67,0.0,0.0,2.02,Left
2006,33.77,4.75,44.59,11.08,2.16,1.31,0.21,0.0,1.59,0.0,0.0,0.54,Left
2007,12.36,6.55,50.91,14.55,9.09,0.04,1.13,0.0,5.45,0.0,0.0,0.01,Left
2008,15.42,2.28,49.77,10.28,5.84,0.0,0.31,0.0,15.42,0.0,0.0,0.71,Left
2010,3.47,9.62,59.62,10.58,9.62,2.28,0.0,0.58,2.83,0.0,0.65,0.0,Left
2011,9.03,26.47,54.41,1.51,9.87,0.15,0.0,0.0,0.0,0.0,0.0,0.0,Left
2012,18.64,33.9,37.29,2.11,4.22,0.57,0.0,0.0,3.45,0.0,0.76,0.0,Left
2013,15.91,16.67,37.88,25.0,1.9,0.0,0.0,0.0,3.64,0.0,0.0,0.0,Left
2005,60.8,6.39,2.98,11.36,8.81,4.26,2.41,0.0,0.07,2.13,0.82,0.01,Left
2006,52.76,6.36,4.38,17.82,10.18,4.81,1.08,0.0,0.19,2.12,0.21,0.05,Left
2007,67.65,2.19,4.48,15.74,4.59,2.3,1.2,0.0,0.13,1.09,0.72,0.05,Left
2008,70.32,0.94,4.68,11.48,4.59,3.06,0.7,0.0,0.33,2.81,0.63,0.52,Left
2010,66.67,0.99,5.2,15.59,6.99,1.43,1.24,0.0,0.5,0.01,0.37,1.02,Left
2011,38.99,4.46,14.29,16.96,18.15,2.65,2.15,0.0,0.13,0.36,0.42,1.32,Left
2012,19.01,3.87,18.31,24.3,21.83,4.93,5.99,0.0,0.45,0.0,0.68,0.3,Left
2013,32.53,1.7,13.58,19.09,18.95,3.39,6.51,0.0,1.56,0.28,1.1,1.27,Left
2005,12.0,14.0,22.0,34.0,2.68,0.0,16.0,0.0,0.0,0.0,0.0,0.03,Left
2006,33.81,7.91,6.29,29.5,0.63,0.0,18.71,0.0,0.0,0.0,0.0,2.74,Left
2008,0.6,18.03,8.29,55.74,0.01,0.0,5.52,0.0,10.8,0.0,0.0,0.0,Left
2009,2.73,6.24,5.09,25.56,1.5,0.0,58.65,0.0,0.01,0.0,0.0,0.0,Left
2010,0.91,7.15,26.79,45.54,9.82,0.57,9.82,0.0,0.0,0.0,0.0,0.0,Left
2011,1.4,8.57,8.6,51.89,15.09,0.03,14.15,0.0,0.0,0.0,0.0,0.0,Left
2013,2.87,10.78,25.49,44.12,14.71,0.01,1.0,0.0,0.0,0.0,0.0,0.37,Right
2014,0.89,20.0,5.69,23.75,26.25,9.77,15.0,0.0,0.0,0.0,0.0,0.0,Right
2005,59.08,0.57,6.76,27.98,1.82,0.61,1.14,0.01,0.94,0.0,0.0,1.11,Left
2006,51.34,0.71,8.83,30.49,2.78,0.96,1.01,0.0,0.66,0.0,0.0,3.33,Left
2008,54.14,0.99,5.54,31.02,2.51,4.67,0.26,0.0,0.76,0.0,0.03,0.11,Left
2009,51.47,1.56,8.13,33.11,2.53,1.64,0.26,0.0,0.98,0.0,0.08,0.21,Left
2010,62.5,2.72,7.23,23.04,2.11,1.25,0.24,0.09,0.72,0.0,0.1,0.01,Left
2011,35.4,3.09,10.72,44.12,2.89,2.47,0.21,0.05,0.56,0.0,0.29,0.23,Left
2013,56.54,1.85,6.87,28.86,2.44,2.58,0.03,0.0,0.59,0.0,0.16,0.09,Left
2014,60.74,1.66,11.94,20.82,2.19,2.06,0.31,0.0,0.16,0.0,0.0,0.14,Left
2005,54.62,8.16,9.24,15.13,7.33,0.23,1.71,0.0,1.98,0.33,0.1,1.65,Left
2006,30.54,2.04,8.98,23.95,18.56,0.64,4.24,0.0,10.18,0.0,0.53,0.27,Left
2008,60.67,4.27,1.82,22.47,1.46,0.2,3.06,0.0,5.13,0.0,0.15,0.18,Right
2009,27.72,2.01,5.43,20.11,0.74,2.06,9.24,0.0,33.15,0.0,0.0,0.13,Right
2010,34.48,3.17,6.5,26.9,3.84,3.66,13.1,0.0,8.28,0.0,0.25,0.05,Right
2011,19.64,3.2,3.38,56.55,5.13,6.55,2.76,0.0,2.53,0.0,0.42,0.12,Right
2013,28.89,0.22,6.24,48.89,7.73,0.94,1.18,0.0,5.64,0.01,0.59,0.23,Right
2014,15.29,0.54,20.0,29.41,27.06,0.83,4.42,0.0,1.23,0.0,0.57,0.04,Right
2005,24.84,2.92,46.5,14.65,0.24,5.79,0.54,1.94,0.02,0.0,0.63,1.62,Right
2007,21.3,0.35,59.76,5.7,0.27,5.14,0.57,0.0,2.09,0.0,0.7,4.09,Left
2008,13.31,0.59,71.33,6.14,0.94,1.69,0.0,0.1,2.75,0.0,0.83,2.27,Left
2009,30.37,9.63,37.78,2.51,3.62,4.37,1.21,1.9,3.53,0.0,0.99,3.65,Left
2010,12.41,10.95,29.93,5.64,3.76,0.46,2.71,0.01,29.93,2.85,0.38,1.11,Left
2012,3.13,12.76,41.07,30.36,6.42,0.19,6.52,0.0,0.0,0.01,0.23,1.1,Left
2013,20.45,10.98,25.0,22.73,8.44,0.0,6.75,5.02,0.0,0.0,0.61,0.0,Left
2014,13.14,14.1,38.64,21.85,6.48,0.0,4.95,0.0,0.0,0.0,0.4,0.0,Left
2005,19.2,10.4,40.0,24.0,4.94,0.68,0.0,0.0,0.0,0.0,0.06,0.73,Right
2006,27.98,4.93,36.9,7.14,23.21,0.1,0.0,0.0,0.0,0.0,0.0,0.01,Right
2007,28.63,8.71,41.91,17.84,2.1,0.33,0.0,0.0,0.0,0.0,0.0,0.0,Right
2008,43.98,5.23,31.33,18.67,0.04,0.25,0.01,0.0,0.0,0.0,0.3,0.0,Right
2010,8.78,1.97,67.02,14.89,1.64,1.17,0.46,0.0,4.21,0.0,0.0,0.01,Right
2011,12.4,2.46,41.32,14.05,0.43,0.92,1.53,0.0,13.22,0.0,0.8,12.4,Right
2012,17.19,0.57,67.19,7.81,1.42,0.47,0.63,0.0,0.05,0.0,0.61,4.15,Right
2013,20.0,1.36,55.38,10.44,8.04,0.92,0.0,0.0,0.0,0.0,1.63,1.33,Left
2014,46.84,1.19,20.25,20.25,2.17,9.57,0.0,0.0,0.0,0.0,0.75,0.0,Left
2005,14.7,11.71,40.43,18.91,7.23,2.59,1.07,0.0,0.0,0.0,3.23,0.42,Right
2006,7.61,1.26,40.3,22.39,4.29,9.38,1.93,0.0,0.0,7.67,5.24,0.23,Right
2008,8.37,1.35,54.76,16.61,3.26,3.93,0.63,0.0,0.0,3.53,7.77,0.47,Right
2009,8.61,0.02,23.52,40.0,20.43,5.31,1.89,0.0,0.0,0.0,0.81,0.01,Right
2010,4.99,8.72,29.11,31.65,18.99,0.56,0.6,0.0,0.0,0.0,4.65,0.2,Right
2011,2.44,3.09,33.33,32.14,22.62,1.3,2.75,0.0,0.27,0.0,2.06,0.0,Right
2012,4.16,0.93,43.48,26.09,11.18,5.04,6.92,0.0,0.0,0.48,1.0,0.14,Right
2013,5.8,3.52,25.0,37.84,9.85,2.71,8.23,0.0,0.14,0.7,5.6,0.28,Left
2014,7.07,1.44,46.81,26.99,7.49,4.22,2.65,0.0,0.23,0.0,4.07,0.49,Left
2005,9.35,5.19,24.46,24.46,14.39,0.51,7.91,0.01,13.67,0.0,0.22,0.27,Left
2006,7.69,10.49,25.87,24.48,10.49,3.03,9.79,0.01,7.69,0.0,0.17,0.2,Left
2008,4.21,5.65,21.01,31.09,3.61,4.22,25.21,0.0,3.92,0.0,1.31,0.14,Left
2009,17.82,3.25,30.46,29.31,8.62,5.75,3.98,0.0,0.23,0.0,0.44,0.06,Left
2010,20.0,7.29,26.4,29.6,7.0,4.27,2.95,0.03,1.01,0.0,0.88,0.46,Left
2011,14.29,7.14,48.35,24.18,3.63,1.04,1.47,0.01,0.08,0.0,0.21,0.04,Left
2013,20.67,10.67,28.67,29.33,6.67,0.68,1.73,0.0,0.19,0.0,0.11,0.74,Left
2014,23.29,4.55,28.77,27.4,10.27,2.84,2.18,0.0,0.01,0.0,0.05,0.89,Left
2005,10.2,4.05,5.24,51.7,11.56,1.2,3.17,0.0,5.09,0.0,0.26,7.48,Right
2006,22.64,5.17,13.21,31.13,10.38,1.89,2.22,0.69,2.69,0.0,0.26,9.37,Right
2008,19.8,9.39,10.89,23.76,15.84,4.92,2.57,0.04,3.29,0.0,0.16,9.53,Left
2009,56.96,2.83,7.59,22.15,3.91,1.66,1.17,0.0,0.0,0.0,0.0,3.85,Left
2010,91.04,0.19,0.79,3.75,0.6,0.63,0.67,0.0,2.29,0.0,0.0,0.09,Left
2011,89.09,0.43,3.69,1.92,0.13,0.0,0.04,3.69,0.71,0.0,0.12,0.21,Left
2013,98.07,0.17,0.32,0.69,0.13,0.05,0.33,0.0,0.02,0.03,0.18,0.01,Left
2014,98.27,0.21,0.25,0.61,0.12,0.01,0.4,0.0,0.09,0.0,0.03,0.0,Left
2005,9.12,9.43,17.3,13.21,9.75,13.52,6.6,0.28,0.08,0.0,0.27,20.44,Right
2006,8.64,5.91,25.91,20.91,18.18,5.0,5.45,0.08,0.25,0.04,0.32,9.09,Right
2008,20.22,3.92,23.5,18.03,12.57,0.65,5.46,6.56,2.5,1.23,0.36,5.36,Right
2009,24.35,1.18,22.17,26.52,16.52,0.37,4.35,2.31,1.23,0.0,0.57,0.52,Right
2010,37.65,4.71,24.07,15.43,13.58,0.32,3.19,0.65,0.45,0.06,0.2,0.0,Right
2011,22.58,1.17,17.42,41.29,10.97,1.61,3.37,0.5,0.44,0.04,0.31,0.1,Right
2012,20.18,6.81,28.44,25.69,11.93,2.15,3.81,0.68,0.0,0.07,0.06,0.14,Right
2013,13.57,1.91,42.14,22.86,6.83,2.66,7.14,1.55,0.19,0.16,0.84,0.0,Right
2014,8.44,0.53,44.81,30.52,4.86,2.66,5.61,1.17,1.51,0.01,0.09,0.0,Right
2005,11.08,2.44,38.32,32.93,2.56,10.18,2.04,0.0,0.11,0.0,0.0,0.55,Right
2006,51.62,3.55,15.3,19.78,1.41,0.5,1.7,0.0,0.05,5.87,0.0,0.06,Right
2008,28.02,5.32,19.02,30.27,1.92,9.0,2.04,0.01,4.29,0.0,0.0,0.0,Right
2009,16.36,7.6,17.51,37.79,3.46,11.52,2.29,2.01,0.04,0.0,0.0,1.33,Right
2010,8.45,9.39,26.76,34.74,4.04,9.39,1.0,0.01,4.69,0.0,0.0,0.94,Right
2011,10.96,15.53,31.96,21.92,0.16,10.05,2.4,3.09,4.21,0.0,0.0,0.52,Right
2013,4.41,5.51,34.19,52.57,0.56,0.68,1.85,0.75,0.0,0.0,0.0,0.0,Right
2014,10.58,5.29,47.09,22.22,4.49,5.82,2.11,0.6,0.57,0.0,0.0,0.62,Right
2005,7.51,18.87,15.09,23.58,22.64,0.86,5.47,0.0,0.02,0.0,0.19,6.09,Right
2007,29.29,7.72,18.18,21.21,1.9,1.11,3.26,5.02,0.51,0.0,0.98,11.11,Right
2008,7.13,11.36,27.27,31.82,5.79,0.46,6.11,8.45,0.0,0.0,0.76,0.13,Right
2009,30.53,10.53,27.37,13.68,1.67,0.84,7.33,0.12,0.0,0.0,0.17,6.73,Right
2010,29.76,3.9,17.86,26.19,0.11,9.5,1.84,0.31,0.98,0.0,0.05,9.18,Left
2011,16.25,3.83,13.75,23.75,0.26,2.55,1.52,1.4,12.5,0.0,1.23,22.5,Left
2012,20.63,1.7,4.92,20.63,0.46,4.64,2.23,5.06,0.0,0.0,2.52,34.92,Left
2013,12.68,0.07,3.41,65.0,0.0,12.68,0.0,1.11,0.0,0.0,2.08,3.56,Left
2014,32.69,4.42,17.61,23.08,1.35,1.49,3.92,6.97,0.0,0.0,3.34,3.67,Left
2005,4.92,14.5,43.5,12.5,7.0,5.5,6.0,0.0,6.0,0.0,0.1,0.36,Left
2006,11.47,5.0,47.06,19.71,5.59,4.71,3.53,0.0,2.56,0.0,0.01,0.31,Left
2007,39.42,8.97,25.96,11.22,6.09,1.71,2.26,0.0,2.81,0.06,0.57,1.24,Left
2008,43.18,8.44,24.35,5.84,8.77,1.34,3.57,0.15,3.24,0.0,0.63,0.44,Left
2010,8.15,7.73,42.92,25.32,9.44,0.85,3.09,0.0,1.16,0.0,0.68,0.44,Left
2011,10.46,2.71,54.9,17.65,4.48,2.47,3.5,0.03,3.61,0.0,0.03,0.67,Left
2012,14.81,5.49,42.59,21.6,9.88,1.38,1.18,0.0,1.89,0.0,1.18,0.0,Left
2013,3.98,2.65,70.45,7.95,3.98,7.67,1.09,0.0,0.82,0.0,0.14,1.23,Left
2005,37.5,2.99,4.94,35.58,5.58,3.75,7.05,0.0,0.0,0.0,0.11,2.54,Left
2006,31.76,3.36,9.31,23.53,6.31,21.18,1.56,0.06,0.0,0.0,0.88,1.22,Left
2007,26.61,1.53,16.51,23.85,10.09,11.01,5.18,0.0,0.02,0.0,1.79,2.35,Left
2008,55.07,5.07,14.49,11.96,3.16,3.62,4.71,0.0,0.0,0.0,0.17,1.59,Left
2009,12.77,4.96,39.36,25.53,5.23,6.58,2.58,0.0,1.6,0.0,0.56,0.26,Left
2011,7.6,0.67,65.22,9.97,1.59,10.19,2.59,0.0,0.38,0.0,0.05,1.67,Left
2012,14.86,2.87,18.92,31.08,7.38,14.86,1.22,0.0,2.22,0.0,5.45,0.63,Left
2014,22.86,0.35,24.29,22.86,25.71,1.33,1.48,0.82,0.0,0.0,1.73,0.0,Left
2005,19.67,5.86,14.23,33.47,10.46,10.46,4.11,0.63,0.0,0.0,0.64,0.98,Right
2006,46.0,5.0,6.33,29.0,4.67,5.67,2.9,0.0,0.04,0.0,0.62,0.51,Right
2007,18.35,8.26,8.72,39.45,8.26,2.86,2.83,0.0,0.01,0.0,0.15,11.47,Right
2008,18.46,8.72,13.33,37.95,10.77,3.45,2.4,0.0,0.0,0.0,0.07,4.74,Right
2009,36.75,5.7,12.05,30.12,7.23,2.36,2.77,0.0,0.06,0.0,0.64,1.46,Right
2010,35.1,6.62,14.57,30.46,7.28,2.3,1.15,0.32,0.13,0.0,0.63,0.98,Right
2011,14.35,4.78,21.3,38.26,6.96,4.78,4.35,0.65,0.15,0.0,0.49,3.9,Right
2013,33.07,4.38,15.54,32.27,9.16,2.06,1.72,0.77,0.08,0.0,0.03,0.91,Left
2014,13.19,2.15,12.09,35.16,19.78,2.02,2.32,12.09,0.09,0.0,0.0,0.99,Left
2005,29.03,0.85,17.2,40.86,5.91,4.02,1.63,0.01,0.59,0.0,0.04,0.29,Left
2006,21.15,0.5,32.69,11.54,4.26,24.04,4.74,0.0,0.9,0.0,0.67,0.32,Left
2007,28.0,1.41,7.99,22.0,12.0,19.0,7.11,0.0,0.11,0.0,0.56,1.61,Left
2008,14.29,4.39,11.9,36.9,5.68,23.81,1.87,0.0,0.73,0.0,0.16,0.68,Left
2009,25.0,12.5,10.56,15.91,17.05,5.66,9.04,0.0,0.77,0.0,0.73,2.92,Left
2011,11.31,11.27,13.2,22.92,18.06,9.35,9.71,0.0,4.11,0.0,0.0,0.41,Left
2012,14.28,5.43,19.59,22.53,23.86,11.75,0.65,0.0,0.01,0.0,0.6,0.3,Left
2013,15.67,2.59,21.94,5.85,11.78,40.0,3.4,0.0,0.11,0.0,0.29,0.0,Left
2014,28.24,1.56,21.02,8.66,8.0,32.35,2.46,0.0,0.0,0.0,0.0,0.0,Left
2005,22.85,1.95,11.87,26.71,3.86,8.01,24.63,0.0,0.09,0.0,0.03,0.01,Left
2006,6.67,2.32,54.44,16.67,7.22,8.33,4.11,0.0,0.11,0.0,0.13,0.01,Left
2007,10.39,11.47,61.29,9.32,2.35,2.04,2.52,0.09,0.01,0.0,0.27,0.0,Left
2008,14.07,4.76,57.04,15.56,3.88,3.89,0.59,0.0,0.05,0.0,0.52,0.21,Left
2009,5.25,10.24,27.71,22.89,4.2,23.49,1.38,0.03,0.24,0.0,0.35,3.56,Left
2011,5.33,18.52,22.22,20.37,9.1,12.73,9.9,0.41,0.0,0.0,0.75,0.84,Right
2012,34.23,8.79,21.62,16.22,4.72,9.91,1.97,0.9,0.05,0.0,1.64,0.24,Right
2013,30.12,9.04,16.87,24.1,3.97,7.23,4.94,2.4,0.12,0.0,0.78,0.55,Right
2014,30.14,8.02,21.92,16.44,5.73,13.37,4.32,0.2,0.0,0.0,0.0,0.0,Right
2005,53.23,0.99,25.0,17.74,1.11,0.26,1.48,0.0,0.39,0.05,0.18,0.08,Left
2006,71.14,3.71,11.14,7.14,3.43,0.15,2.61,0.0,0.41,0.02,0.25,0.06,Left
2007,67.44,1.42,15.9,8.21,4.36,0.0,1.71,0.0,0.08,0.93,0.21,0.05,Left
2009,66.67,2.41,12.15,12.15,3.82,0.24,1.43,0.08,0.05,0.13,0.59,0.49,Left
2010,31.03,4.57,40.8,12.07,8.05,1.14,1.72,0.12,0.12,0.22,0.4,0.47,Left
2011,28.78,1.87,38.13,20.14,5.89,1.68,1.87,0.12,0.31,0.11,0.3,0.79,Left
2012,15.38,5.71,40.66,28.57,1.93,4.7,0.99,0.22,0.53,0.05,0.16,0.76,Left
2014,12.75,1.58,44.12,17.65,7.17,3.24,0.48,8.76,2.6,0.02,0.07,1.06,Left
2005,10.96,2.46,31.51,40.41,10.27,0.0,0.69,0.0,1.43,0.0,0.0,1.89,Left
2006,6.22,2.73,43.01,38.86,3.93,0.73,1.53,0.01,0.04,0.0,0.0,2.47,Left
2008,14.06,4.32,27.08,27.6,8.85,5.18,2.42,6.25,4.3,0.0,0.0,0.31,Right
2009,7.14,5.02,24.03,29.87,10.39,2.37,3.44,11.69,5.95,0.0,0.0,0.4,Right
2010,8.95,9.21,25.0,25.0,4.02,2.02,3.15,14.0,8.79,0.0,0.0,0.39,Left
2011,15.49,13.88,40.85,15.49,4.07,1.29,4.47,3.51,0.57,0.0,0.0,0.52,Left
2012,14.29,20.41,21.43,27.55,2.24,0.32,4.61,5.6,3.29,0.0,0.0,0.43,Left
2013,20.8,8.8,18.4,23.2,12.8,0.01,7.77,0.01,3.3,0.0,2.07,3.03,Left
2014,17.14,12.02,30.0,17.14,11.64,0.0,2.46,0.87,5.78,0.0,1.11,1.74,Left
2006,6.46,11.41,36.5,18.63,9.51,9.51,4.94,0.0,0.03,0.0,3.48,0.0,Left
2007,4.86,11.89,23.78,21.62,12.43,14.32,4.86,0.0,1.18,0.0,4.86,0.0,Left
2009,40.87,7.97,26.99,7.97,10.8,1.07,1.41,0.0,1.15,0.0,1.91,0.0,Right
2010,9.97,18.01,31.19,22.51,6.11,0.02,0.86,0.0,6.75,0.0,4.5,0.0,Right
2011,4.59,11.79,26.64,50.22,2.0,0.0,0.83,0.0,2.4,0.0,1.63,0.0,Right
2012,3.13,23.35,60.91,5.08,3.03,0.0,1.1,0.0,1.64,0.0,1.71,0.0,Right
2005,95.29,0.22,1.02,2.65,0.36,0.34,0.01,0.0,0.0,0.63,0.04,0.0,Right
2007,90.77,0.2,1.31,6.2,0.74,0.36,0.01,0.0,0.0,1.12,0.02,0.0,Right
2008,82.14,0.31,3.98,11.18,0.98,0.64,0.12,0.0,0.14,0.58,0.07,0.05,Right
2009,64.79,1.22,7.26,19.17,2.11,1.84,0.21,0.01,0.59,2.49,0.19,0.43,Right
2010,61.51,1.49,7.01,23.98,1.02,2.38,1.33,0.05,0.48,0.24,0.31,0.46,Right
2012,39.01,1.25,9.12,41.33,1.9,2.74,1.65,0.04,2.87,0.58,0.53,0.41,Left
2013,48.85,1.08,7.27,36.11,2.55,1.95,0.09,0.0,2.4,0.0,0.25,0.72,Left
2014,29.59,0.98,8.38,48.38,4.16,1.28,0.22,0.01,5.83,0.0,0.07,1.07,Left
2005,28.12,7.35,32.11,15.01,7.14,2.94,3.67,0.0,0.27,0.0,1.89,1.68,Left
2006,16.07,11.24,29.02,20.63,5.97,6.83,5.69,0.0,0.68,0.0,3.27,0.65,Left
2007,10.61,10.93,34.57,26.53,7.23,2.57,4.66,0.0,0.48,0.0,2.41,0.04,Left
2008,17.96,6.47,23.14,29.77,12.3,3.56,5.02,0.0,0.01,0.0,1.33,0.25,Left
2010,29.45,4.04,23.52,20.67,8.31,6.89,6.65,0.0,0.06,0.0,0.32,0.16,Left
2011,28.57,6.59,20.15,20.51,9.89,6.23,7.33,0.0,0.0,0.0,0.54,0.17,Left
2012,26.06,4.23,24.3,22.54,10.56,2.42,9.15,0.0,0.09,0.0,0.65,0.01,Left
2013,29.82,7.89,8.19,16.08,14.91,9.36,13.16,0.0,0.0,0.0,0.17,0.19,Left
2005,12.39,7.08,19.76,20.65,11.8,5.31,4.13,0.0,0.1,0.0,0.07,18.88,Left
2006,46.41,5.64,23.33,12.05,6.67,2.01,1.82,0.0,1.41,0.0,0.25,0.34,Left
2008,34.84,4.18,18.82,30.66,4.53,4.88,0.71,0.0,0.28,0.0,0.49,0.42,Right
2009,58.2,4.76,13.49,14.81,2.37,3.97,0.49,0.0,0.17,0.0,0.97,0.69,Right
2010,59.4,2.2,14.33,15.82,2.99,1.96,1.12,0.0,0.23,0.0,0.56,1.43,Right
2011,44.04,4.28,18.65,15.29,7.03,1.23,6.42,0.0,0.01,0.0,1.61,1.57,Right
2013,39.12,1.58,13.37,34.73,4.79,0.56,3.19,0.0,0.08,0.0,0.82,1.84,Left
2014,22.16,2.56,10.18,30.54,7.19,8.98,4.05,0.0,0.0,0.3,1.29,12.57,Left
2005,13.91,1.61,19.07,53.02,6.37,1.24,0.82,0.02,1.55,2.36,0.03,0.0,Left
2007,7.72,0.84,12.27,73.18,3.87,0.5,0.44,0.0,1.04,0.0,0.18,0.0,Left
2008,8.47,1.61,35.29,46.93,3.66,1.0,0.59,0.0,0.38,2.07,0.01,0.0,Left
2009,7.18,0.92,12.18,74.53,2.46,1.14,1.07,0.0,0.5,0.0,0.03,0.0,Left
2010,9.25,1.69,13.22,70.69,3.36,0.58,0.42,0.0,0.78,0.0,0.02,0.0,Left
2012,9.86,1.55,24.61,60.9,1.7,0.34,0.46,0.0,0.49,0.0,0.1,0.0,Left
2013,5.03,1.34,18.27,71.93,1.62,0.17,0.67,0.0,0.95,0.0,0.01,0.0,Left
2014,15.26,2.89,11.62,67.68,1.35,0.22,0.42,0.0,0.44,0.0,0.08,0.0,Left
2005,25.0,2.16,43.88,15.65,3.24,5.4,1.6,0.0,0.5,0.0,0.47,1.98,Right
2007,38.2,6.83,12.11,16.77,9.32,0.51,0.6,0.0,0.35,0.0,0.09,15.53,Right
2008,48.91,4.67,8.41,14.33,5.3,0.98,1.57,0.01,0.57,0.0,0.0,15.26,Right
2009,45.42,4.07,7.8,14.58,9.49,8.14,3.73,0.0,2.35,0.0,0.0,4.41,Right
2012,13.06,31.03,11.83,29.31,7.81,3.08,1.45,0.0,0.0,0.0,0.58,2.38,Left
2013,12.28,5.54,15.07,41.3,19.92,6.29,0.07,0.0,0.0,0.0,0.03,0.86,Left
2014,6.9,1.22,52.29,26.61,1.37,0.04,11.01,0.0,0.0,0.0,0.5,0.18,Left
2005,27.08,2.19,30.56,11.81,9.03,9.03,2.38,0.0,5.66,0.8,0.66,0.13,Left
2006,46.67,2.11,20.74,8.89,9.63,0.73,8.89,0.0,1.06,0.05,1.26,0.09,Left
2007,35.78,2.98,29.36,19.27,6.38,1.48,2.97,0.0,1.12,0.0,0.48,0.01,Left
2008,30.77,3.44,20.51,23.08,7.9,3.69,4.14,0.0,5.78,0.0,1.3,0.0,Left
2009,45.71,4.95,7.86,13.57,12.86,7.86,1.26,0.0,3.74,0.95,1.3,0.0,Left
2011,50.0,7.06,10.83,25.0,1.22,2.46,2.21,0.0,0.82,0.0,0.1,0.0,Left
2012,47.53,2.2,15.43,23.46,1.06,5.98,1.73,0.0,2.65,0.06,0.1,0.18,Left
2013,25.62,2.86,18.18,24.79,23.97,2.97,0.37,0.0,0.09,0.0,0.82,0.12,Left
2014,16.83,0.99,21.78,11.88,41.58,2.11,3.8,0.0,0.22,0.0,0.23,0.51,Left
2005,10.13,0.74,52.74,17.3,9.28,2.89,2.62,0.13,3.75,0.0,0.64,0.0,Right
2006,6.92,0.3,30.77,39.62,3.85,8.46,6.54,0.45,1.92,0.88,0.05,0.16,Right
2008,16.05,2.08,27.57,30.45,11.11,6.58,0.74,0.2,4.53,0.06,0.62,0.04,Right
2009,22.35,0.52,32.96,30.17,7.82,1.59,3.12,0.05,0.1,0.29,1.29,0.03,Right
2010,17.37,6.84,36.32,22.63,10.0,0.31,3.03,0.0,0.31,1.12,0.32,2.19,Right
2012,9.32,1.1,72.88,10.17,5.1,0.05,0.7,0.04,0.01,0.0,0.71,0.0,Left
2013,5.09,0.52,58.09,28.68,4.87,0.11,0.12,0.0,0.0,1.86,0.75,0.0,Left
2014,4.97,1.13,35.45,28.18,23.64,2.21,1.94,0.0,0.01,1.42,0.71,0.06,Left
2005,7.26,4.57,56.42,16.2,3.71,6.15,1.49,1.45,0.82,1.85,0.12,0.48,Right
2006,10.29,4.05,41.18,5.05,8.82,13.97,1.83,3.05,9.56,1.63,0.23,0.23,Right
2008,16.95,9.32,38.14,2.44,3.21,16.1,0.32,0.0,8.47,3.8,0.12,0.41,Right
2009,25.3,2.76,25.3,8.88,4.87,10.56,0.34,2.51,9.24,9.24,0.29,0.2,Right
2010,18.03,2.91,36.07,11.05,2.31,2.22,1.98,3.0,0.38,15.4,0.15,7.72,Right
2011,7.71,4.63,28.85,23.08,14.83,1.06,3.42,1.81,0.1,9.66,0.53,5.12,Right
2012,12.71,8.69,15.35,29.55,15.96,1.66,5.52,0.13,0.0,3.49,1.78,5.46,Left
2013,6.96,12.55,29.09,21.82,6.28,0.55,4.42,0.62,0.0,2.89,4.23,8.92,Left
2014,5.64,20.34,30.51,20.34,2.49,0.47,6.61,0.0,0.16,4.74,0.2,7.37,Left
2005,28.62,0.95,12.62,54.79,0.13,0.18,1.99,0.0,0.14,0.0,0.49,0.03,Left
2006,23.27,1.75,5.85,64.09,0.14,0.29,3.39,0.0,0.12,0.0,0.35,0.74,Left
2007,30.3,2.16,6.2,54.26,0.13,0.01,6.06,0.0,0.15,0.0,0.37,0.16,Left
2008,23.17,0.86,8.0,63.27,0.14,0.06,4.4,0.0,0.0,0.0,0.05,0.01,Left
2010,21.97,1.21,6.28,53.81,0.13,0.16,13.45,0.0,0.2,0.0,2.24,0.23,Left
2011,22.73,2.57,12.59,41.96,0.12,0.16,4.55,0.0,13.29,0.0,1.7,0.03,Left
2012,24.95,1.24,10.1,51.43,0.27,0.14,3.81,0.0,7.05,0.0,0.28,0.82,Left
2013,47.38,1.93,11.69,31.69,0.08,0.18,6.15,0.0,0.04,0.0,0.44,0.39,Left
2014,40.3,1.07,10.75,39.1,0.13,0.21,7.76,0.0,0.06,0.0,0.81,0.11,Right
2005,34.06,1.76,29.85,12.89,8.28,1.63,1.36,0.0,0.37,9.23,0.47,0.05,Right
2006,64.54,0.97,14.8,14.74,3.72,0.28,0.3,0.0,0.06,0.61,0.03,0.01,Right
2008,16.34,0.33,56.24,21.18,4.66,0.34,0.3,0.0,0.51,0.0,0.02,0.01,Right
2009,19.73,0.29,63.3,12.01,2.71,0.26,0.51,0.0,0.02,0.85,0.28,0.02,Right
2010,36.45,0.17,16.58,43.89,1.86,0.28,0.61,0.0,0.04,0.0,0.13,0.0,Right
2011,15.8,0.15,14.54,65.61,2.4,0.28,0.28,0.0,0.02,0.04,0.79,0.02,Right
2012,11.87,0.2,18.97,65.12,2.45,0.36,0.21,0.0,0.01,0.0,0.87,0.02,Left
2013,60.64,0.35,13.2,12.13,0.27,0.84,0.05,0.0,0.01,12.01,0.5,0.01,Left
2014,64.87,0.8,9.45,22.34,0.36,0.29,0.0,0.01,0.1,0.0,1.85,0.01,Left
2008,37.76,8.52,13.97,24.38,6.44,1.49,3.07,0.2,0.22,0.0,2.28,1.59,Right
2009,28.13,3.46,14.78,33.61,6.44,4.41,5.36,0.26,2.15,0.0,0.94,0.33,Right
2010,53.03,3.03,10.83,18.63,4.94,3.5,2.23,0.01,2.23,0.0,1.36,0.38,Right
2011,18.25,5.45,25.12,35.07,12.09,2.37,0.7,0.05,0.01,0.0,0.62,0.12,Right
2012,8.93,2.62,30.0,38.81,10.83,2.26,2.98,0.0,2.74,0.0,0.67,0.06,Left
2013,5.48,1.96,25.95,39.37,16.04,3.52,2.48,0.0,4.3,0.0,0.67,0.08,Left
2014,5.75,0.51,49.52,39.94,1.81,1.12,0.07,0.0,1.02,0.0,0.3,0.0,Left
2005,26.47,17.65,2.93,10.0,11.76,25.88,1.08,0.32,0.0,0.23,1.27,2.66,Left
2006,11.97,11.97,4.51,23.93,6.66,14.53,0.52,0.0,0.11,7.17,1.07,17.95,Left
2007,15.93,6.48,5.77,34.51,9.73,6.56,1.63,0.0,0.28,0.1,3.68,15.04,Left
2008,23.62,9.45,6.41,24.41,5.27,8.66,4.93,0.0,0.0,0.0,1.36,16.54,Left
2010,33.33,6.09,4.81,17.71,3.95,7.56,1.28,0.03,8.36,0.0,2.01,15.62,Right
2011,30.36,3.1,9.76,8.34,10.53,7.65,5.31,0.0,5.01,2.68,6.96,10.31,Right
2012,53.16,3.0,6.55,12.66,3.27,12.44,0.49,0.01,0.45,0.0,0.17,6.98,Right
2013,10.06,0.98,10.0,37.88,2.14,25.76,1.52,0.0,0.03,0.55,3.13,7.95,Right
2005,48.93,3.43,23.18,6.87,6.65,3.65,3.65,0.48,0.07,0.0,0.52,2.36,Left
2006,45.43,2.45,16.26,9.35,8.46,2.18,8.46,0.52,0.38,0.0,0.38,6.01,Left
2007,49.92,0.69,18.41,12.01,6.08,3.12,3.74,0.37,0.15,0.0,0.34,5.15,Left
2008,45.65,1.88,20.24,16.0,5.88,4.47,2.03,0.26,0.38,0.0,0.09,3.06,Left
2010,23.85,3.73,35.78,15.14,9.17,7.8,2.58,0.02,0.89,0.0,0.32,1.17,Left
2011,12.38,2.36,36.19,18.1,12.86,8.57,7.14,0.02,0.55,0.0,0.94,0.23,Left
2012,21.3,1.28,33.14,23.08,5.39,4.22,5.69,0.0,1.54,0.0,4.45,0.2,Left
2013,20.25,2.34,38.43,16.53,7.44,4.55,7.02,0.09,1.77,0.0,1.49,0.45,Left
2005,33.33,9.52,14.29,35.5,3.41,0.61,3.27,0.01,0.09,0.0,0.1,0.08,Left
2006,41.45,8.55,5.13,31.62,7.26,2.71,1.84,0.16,0.11,0.0,0.11,1.26,Left
2007,9.6,12.8,8.0,53.6,5.6,2.96,6.0,0.05,0.75,0.0,0.15,0.28,Left
2008,15.62,19.53,9.38,39.06,9.38,2.68,3.84,0.19,0.0,0.0,0.72,0.1,Left
2010,20.87,9.57,26.96,25.22,6.97,2.26,7.11,0.07,0.02,0.0,0.22,0.0,Left
2011,16.47,8.95,16.47,31.76,8.48,2.03,15.29,0.04,0.0,0.0,0.66,0.25,Left
2012,17.48,4.06,7.65,33.98,22.33,5.59,6.32,0.12,0.7,0.0,0.7,1.12,Left
2013,13.33,4.06,21.33,16.0,16.0,17.33,10.77,0.0,0.0,0.0,0.01,0.93,Left
2005,76.56,1.12,7.51,10.6,2.32,0.2,0.7,0.0,0.5,0.08,0.01,0.37,Left
2006,10.53,2.62,25.26,38.95,6.05,7.11,3.95,0.25,2.36,0.0,1.39,1.53,Left
2007,43.72,1.95,9.31,16.67,3.03,0.99,1.3,0.0,0.61,21.43,0.47,0.59,Left
2010,8.84,4.27,26.51,31.63,6.05,2.38,20.0,0.01,0.09,0.0,0.14,0.04,Right
2011,8.94,5.13,18.7,43.9,16.26,0.37,6.27,0.0,0.0,0.0,0.31,0.23,Right
2012,12.69,0.16,13.43,50.75,11.94,0.0,7.43,0.0,0.06,0.0,0.7,2.52,Right
2013,8.63,0.4,12.23,60.43,7.19,0.21,9.35,0.0,0.04,0.0,0.4,0.83,Right
2005,10.24,1.56,11.45,34.94,12.65,6.02,17.47,0.0,0.24,6.02,0.14,0.13,Left
2006,11.34,3.23,9.24,40.76,6.3,7.56,17.23,0.0,0.0,0.28,0.32,3.6,Left
2008,13.41,2.26,14.02,38.41,9.15,12.2,6.1,0.0,0.0,1.07,1.88,1.45,Left
2009,10.23,2.94,13.64,38.07,7.95,18.18,7.39,0.0,0.0,0.01,1.55,0.0,Left
2010,9.35,3.8,12.15,52.34,8.63,4.25,7.41,0.0,0.0,0.0,1.91,0.37,Left
2011,10.79,3.15,14.39,56.83,5.17,3.99,4.22,0.0,0.0,0.44,1.18,0.2,Left
2013,6.25,1.84,9.87,61.18,7.89,3.4,1.66,0.0,0.04,7.24,0.29,0.0,Left
2014,13.4,2.44,12.37,22.68,9.41,3.37,3.83,0.0,0.07,32.99,0.0,0.03,Left
2005,46.46,7.3,19.47,13.72,5.31,3.98,1.88,0.0,0.08,0.0,0.39,1.09,Left
2006,64.08,2.42,18.48,9.15,2.94,1.01,1.35,0.11,0.0,0.0,0.13,0.43,Left
2007,56.57,4.95,15.92,15.92,2.32,1.4,2.47,0.0,0.0,0.0,0.22,0.21,Left
2005,45.94,3.75,9.69,22.81,7.19,9.06,1.29,0.0,0.0,0.0,0.02,0.43,Left
2006,17.07,3.5,23.41,20.98,14.63,15.61,2.98,0.1,0.0,0.0,1.4,0.34,Left
2008,55.56,1.42,10.0,26.67,2.81,1.74,2.03,0.0,0.0,0.0,0.27,0.23,Left
2009,25.17,3.36,16.11,38.26,7.38,3.18,3.18,0.26,0.0,0.0,2.91,0.33,Left
2010,7.05,3.88,48.55,28.22,8.71,1.48,1.11,0.0,0.0,0.0,1.33,0.24,Left
2011,11.11,7.67,48.15,25.93,2.88,1.12,0.79,0.0,1.85,0.0,1.07,0.11,Left
2013,9.59,6.85,34.25,42.47,2.52,0.93,0.79,0.0,0.01,0.0,1.44,1.19,Left
2014,9.16,3.7,39.24,40.51,1.67,0.31,4.49,0.17,0.0,0.0,0.98,0.22,Left
2005,73.32,1.09,2.19,8.83,0.61,12.11,1.09,0.0,0.56,0.02,0.12,0.05,Left
2007,17.07,7.8,7.32,38.54,6.34,13.17,8.78,0.0,0.68,0.0,0.64,0.0,Left
2008,35.17,6.78,16.95,12.71,8.05,9.32,10.17,0.0,0.0,0.08,0.72,0.26,Left
2009,16.81,6.72,18.07,21.43,10.5,14.71,10.08,0.0,0.04,0.04,0.35,0.92,Left
2010,24.93,4.58,9.74,25.21,8.31,16.33,9.46,0.0,0.01,0.08,0.31,0.97,Left
2012,28.93,2.34,17.61,28.3,7.55,2.18,10.69,0.0,0.74,0.01,0.16,0.44,Left
2013,21.21,8.65,6.85,31.31,27.27,2.11,2.01,0.0,0.09,0.0,0.78,0.21,Left
2014,61.76,3.53,10.78,13.73,2.2,3.17,6.22,0.0,0.0,0.0,0.01,0.0,Left
2005,29.07,2.7,19.72,38.75,4.84,0.79,2.2,0.0,0.0,0.0,0.55,1.18,Left
2006,25.48,1.96,29.73,26.64,9.65,2.95,2.44,0.0,0.29,0.0,0.31,0.51,Left
2007,31.14,2.74,27.84,27.25,6.89,1.64,1.47,0.0,0.0,0.0,0.27,0.53,Left
2008,18.35,1.86,28.09,37.08,9.74,2.12,1.96,0.0,0.44,0.0,0.3,0.33,Left
2010,13.23,5.82,23.81,50.26,3.75,0.0,1.04,0.0,0.0,0.0,0.9,0.69,Left
2011,15.34,1.62,18.75,55.11,7.39,0.0,1.4,0.0,0.0,0.0,0.28,0.0,Left
2012,14.66,6.81,32.46,32.46,11.52,0.05,2.01,0.0,0.0,0.0,0.56,0.13,Left
2013,13.42,8.72,24.16,24.16,24.83,0.0,3.99,0.0,0.0,0.0,1.07,0.0,Left
2014,13.42,8.72,24.16,24.16,24.83,0.0,3.99,0.0,0.0,0.0,1.07,0.0,Left
2005,36.78,2.27,20.87,18.39,10.95,7.64,2.27,0.0,0.0,0.0,0.52,0.15,Left
2006,30.6,2.01,15.66,30.36,8.92,5.06,6.75,0.0,0.05,0.0,0.52,0.09,Left
2007,31.46,0.97,22.93,20.49,9.02,9.27,4.15,0.0,0.98,0.0,0.25,0.15,Left
2008,39.15,4.06,7.94,22.93,18.17,6.0,1.44,0.0,0.04,0.0,0.18,0.16,Left
2010,18.31,8.45,19.25,20.19,12.91,17.14,3.29,0.0,0.0,0.0,0.23,0.23,Right
2011,9.05,8.54,12.56,42.71,13.07,8.04,3.34,0.0,1.06,0.0,1.16,0.4,Right
2012,20.28,5.66,12.74,41.51,4.72,10.85,2.74,0.0,0.0,0.0,1.32,0.04,Right
2013,23.32,3.46,17.94,32.29,3.47,14.8,3.35,0.0,0.0,0.0,1.82,0.04,Right
2006,23.59,0.47,9.23,10.26,7.18,8.21,5.13,34.36,1.49,0.0,0.15,0.03,Right
2007,28.72,0.25,4.61,15.25,5.32,0.51,4.61,37.59,2.92,0.0,0.0,0.14,Right
2008,13.6,0.32,7.08,18.41,6.8,1.46,3.68,46.46,1.94,0.0,0.19,0.09,Right
2009,28.19,2.32,14.1,12.78,10.57,1.2,7.49,19.38,3.78,0.0,0.13,0.3,Right
2010,35.33,7.78,10.18,25.75,9.58,0.61,1.88,0.0,7.78,0.0,0.83,0.57,Right
2012,57.97,4.15,10.2,12.74,6.06,6.0,0.62,0.0,1.14,0.0,0.28,0.0,Right
2013,45.24,9.41,11.57,11.68,10.77,0.62,1.33,0.0,9.2,0.0,0.81,0.0,Left
2014,53.03,3.13,11.92,9.23,14.25,0.0,6.7,0.95,0.04,0.0,1.23,0.0,Left
2005,18.41,0.04,26.0,49.53,0.49,2.28,2.66,0.08,0.3,0.0,0.36,0.0,Left
2007,23.84,0.05,29.86,37.96,0.16,2.78,5.09,0.08,0.08,0.0,0.22,0.0,Left
2008,23.29,0.05,26.03,37.33,1.22,4.11,7.19,0.08,0.08,0.0,0.5,0.0,Left
2009,23.2,0.08,33.54,29.47,0.3,3.76,6.58,0.2,1.51,0.0,0.92,0.0,Left
2010,28.89,0.07,32.89,24.89,0.42,4.89,6.67,0.5,0.57,0.0,0.24,0.0,Left
2012,48.04,0.03,17.52,12.99,1.04,11.48,2.45,0.21,6.04,0.0,0.3,0.0,Left
2013,37.43,0.37,28.07,23.39,0.33,2.61,3.26,0.06,3.84,0.0,0.47,0.0,Left
2014,33.33,0.07,32.84,14.43,1.34,3.33,3.05,0.0,11.94,0.0,0.3,0.0,Left
2005,22.87,4.91,16.64,30.81,6.62,0.17,7.37,0.29,0.32,0.0,0.3,9.45,Right
2006,6.4,6.06,28.89,33.74,4.15,0.48,5.54,0.0,0.19,0.0,0.68,13.84,Right
2008,5.16,7.37,30.57,42.73,5.16,1.05,4.24,0.0,0.37,0.0,0.13,3.31,Right
2009,3.61,5.0,38.33,41.67,3.89,1.22,2.65,0.02,0.24,0.0,0.07,3.33,Right
2005,18.69,3.58,16.82,33.49,9.03,14.33,3.27,0.0,0.03,0.51,0.11,0.04,Left
2006,50.64,5.21,14.02,15.99,5.56,5.79,2.67,0.01,0.0,0.0,0.08,0.13,Left
2007,66.45,10.36,5.46,9.66,2.41,3.43,1.59,0.0,0.12,0.42,0.06,0.0,Left
2008,40.07,2.61,12.89,21.95,6.27,9.76,6.1,0.0,0.0,0.0,0.59,0.04,Left
2014,15.79,6.91,31.58,24.34,14.14,6.25,0.36,0.0,0.0,0.0,0.39,0.0,Left
2005,32.47,3.98,19.48,24.68,3.67,6.31,6.41,0.0,2.21,0.0,1.02,0.0,Right
2006,28.57,2.44,17.35,26.53,5.59,3.62,14.29,0.19,0.75,0.0,0.65,0.0,Right
2008,24.17,6.02,11.67,24.17,8.14,16.67,8.02,0.02,0.06,0.0,0.84,0.0,Right
2009,17.69,2.8,37.69,20.0,5.26,11.54,4.01,0.0,0.14,0.0,0.58,0.0,Right
2010,22.0,3.15,38.0,21.0,5.87,4.79,2.88,0.12,0.0,0.0,1.54,0.0,Right
2011,22.73,6.81,21.97,27.27,6.66,4.31,6.46,1.34,0.35,0.0,1.95,0.0,Right
2013,16.33,7.56,27.55,20.41,3.59,6.56,13.27,0.85,0.13,2.31,1.75,0.0,Left
2014,14.47,11.07,18.42,44.74,2.7,1.63,6.19,0.5,0.0,0.0,0.72,0.0,Left
2005,63.32,2.67,8.57,13.73,5.16,2.86,2.21,0.01,0.58,0.08,0.15,0.77,Left
2007,43.71,3.11,13.53,27.33,2.17,6.5,2.71,0.0,0.0,0.0,0.32,0.71,Left
2008,26.37,2.82,17.08,36.98,4.64,1.14,2.16,0.0,1.25,2.49,0.55,4.48,Left
2009,25.96,6.17,23.4,31.91,3.19,5.32,1.28,0.0,0.56,0.0,0.02,2.13,Left
2010,26.31,4.82,23.49,18.67,3.21,3.82,18.27,0.0,0.07,0.0,0.34,0.69,Left
2012,11.72,1.76,45.78,20.16,15.26,3.81,0.04,0.0,0.64,0.0,0.41,0.46,Left
2013,55.36,0.37,16.96,14.21,3.99,7.48,1.22,0.0,0.0,0.0,0.66,0.0,Left
2014,14.8,0.41,17.49,33.18,22.87,4.46,0.79,0.0,0.0,4.93,1.27,0.05,Left
2005,8.8,3.78,23.55,56.96,5.32,3.18,0.25,0.0,0.33,0.08,0.52,0.03,Left
2007,18.62,2.22,17.22,54.55,2.52,1.12,0.29,0.01,0.21,0.1,0.16,0.0,Left
2009,3.03,2.14,17.58,71.46,3.71,1.81,0.24,0.0,0.22,0.15,0.08,0.0,Right
2010,10.17,2.78,23.93,58.08,4.87,2.34,0.23,0.0,0.48,0.18,0.15,0.0,Right
2011,11.4,2.5,21.85,57.45,4.04,1.91,0.11,0.0,0.25,0.11,0.35,0.0,Right
2012,65.28,0.62,3.87,24.36,1.47,1.27,0.17,0.0,0.13,0.07,0.2,0.0,Right
2014,4.6,0.97,22.68,62.53,4.48,2.27,0.57,0.0,1.78,0.04,0.09,0.0,Left
2005,37.96,3.12,10.22,24.82,5.22,13.14,3.37,0.0,0.01,0.0,1.1,1.13,Right
2007,30.1,2.19,10.68,42.72,5.52,0.52,2.67,0.0,2.29,0.0,2.25,0.03,Left
2008,15.83,0.12,10.83,53.33,3.59,0.78,2.4,0.0,11.67,0.0,0.06,1.52,Left
2009,22.95,1.39,4.47,59.84,1.82,0.06,7.39,0.0,0.3,0.0,0.8,0.76,Left
2010,27.96,3.05,5.35,39.78,6.51,0.03,10.75,0.0,0.0,0.0,4.42,1.12,Left
2012,11.29,6.69,9.19,45.0,2.01,0.52,20.57,0.0,0.0,0.0,3.53,0.37,Right
2013,12.33,10.3,23.08,35.38,1.35,4.47,9.21,0.0,0.0,0.0,2.7,0.0,Right
2014,34.69,3.84,30.61,19.19,6.5,1.36,2.16,0.0,0.0,0.0,1.16,0.04,Right
2005,18.91,3.04,21.96,29.57,4.35,0.04,8.91,0.0,0.62,0.0,0.15,12.39,Left
2007,9.79,1.01,33.1,35.66,4.66,0.18,9.32,0.0,0.84,0.41,0.12,4.9,Left
2008,15.43,1.02,21.9,33.75,2.75,0.0,9.09,0.0,1.15,0.0,0.0,15.01,Left
2009,7.13,1.78,37.25,44.03,4.28,0.0,4.63,0.0,0.63,0.0,0.0,0.28,Left
2010,4.65,1.83,40.37,41.36,2.99,0.0,1.15,0.0,0.06,0.0,0.09,7.48,Left
2012,23.68,2.71,26.24,38.16,0.46,0.1,1.66,0.0,0.04,0.02,0.12,6.79,Left
2013,25.52,2.07,30.21,27.31,0.5,0.0,2.07,0.0,0.1,0.08,0.32,12.0,Left
2014,32.67,0.73,29.1,26.53,0.59,0.0,0.6,0.0,0.04,0.17,0.06,9.56,Left
2005,26.15,1.96,37.18,10.77,3.33,6.41,3.85,0.01,1.14,8.21,0.05,0.6,Left
2006,24.41,2.73,34.61,12.93,4.92,8.56,2.0,0.0,3.64,3.83,0.0,2.37,Left
2007,24.9,3.27,44.08,11.43,2.65,3.47,5.71,0.0,2.86,1.29,0.0,0.64,Left
2008,20.67,8.01,46.0,11.17,2.05,3.54,4.47,0.0,1.71,0.0,0.49,2.05,Left
2009,14.83,9.09,43.3,4.07,3.83,11.96,5.74,0.19,6.94,0.0,0.0,0.3,Left
2011,19.47,7.2,23.47,18.93,4.8,18.13,1.41,0.01,5.87,0.0,0.43,0.1,Left
2012,21.4,6.61,29.18,16.73,4.67,7.78,2.96,0.16,8.95,0.0,1.12,0.01,Left
2013,15.29,12.1,22.93,26.75,6.37,13.38,2.93,0.03,0.61,0.0,0.13,0.0,Left
2007,15.28,4.67,27.78,43.75,1.44,3.66,2.09,0.0,0.04,0.0,0.65,0.28,Left
2008,18.71,10.97,31.61,27.1,3.03,1.02,6.35,0.06,0.0,0.0,0.85,0.63,Left
2009,12.21,9.16,20.61,27.48,6.38,0.05,20.61,0.14,0.0,0.0,0.42,3.09,Left
2010,9.32,12.42,16.15,39.75,2.72,1.96,14.91,0.0,0.0,0.0,1.13,1.26,Left
2012,12.66,8.23,31.01,29.11,3.14,0.91,13.92,0.21,0.0,0.0,0.31,0.68,Left
2013,20.3,6.49,16.54,27.82,9.77,1.3,9.77,1.02,0.0,0.0,1.37,5.21,Left
2014,9.89,1.86,30.51,45.76,3.14,0.96,5.79,0.13,0.0,0.0,0.99,0.75,Left
2005,5.17,0.51,46.55,21.26,7.76,11.21,4.31,0.0,1.96,0.0,1.36,0.0,Left
2007,9.88,1.11,44.2,21.23,7.65,11.11,3.46,0.0,1.23,0.0,0.12,0.0,Left
2008,42.16,0.66,31.0,11.91,3.4,5.1,2.08,0.0,3.4,0.0,0.1,0.0,Left
2009,20.43,0.76,25.42,20.19,6.41,18.76,1.9,0.0,3.56,0.0,0.66,2.1,Left
2010,25.91,1.6,21.34,25.61,5.79,10.37,7.93,0.0,0.0,0.0,0.83,0.37,Left
2012,30.41,1.15,38.6,16.37,4.87,3.66,3.9,0.0,0.0,0.0,0.61,0.0,Left
2013,9.65,1.55,46.49,25.44,8.49,2.02,5.87,0.0,0.0,0.0,0.0,0.0,Left
2014,8.96,0.4,79.17,6.35,0.0,4.92,0.43,0.0,0.0,0.0,0.0,0.0,Left
2005,11.68,4.99,36.5,24.09,15.33,0.26,0.25,1.17,0.88,3.6,0.61,0.67,Right
2006,11.11,6.6,52.59,17.04,7.41,0.31,0.83,0.02,1.9,1.59,0.59,0.03,Right
2007,6.42,5.14,50.77,20.0,12.31,0.38,3.6,0.0,0.77,0.0,0.5,0.0,Right
2009,9.27,9.27,39.74,21.19,9.93,0.58,6.44,0.06,0.12,2.0,1.36,0.15,Right
2010,7.15,0.91,49.15,27.12,2.18,0.57,11.02,0.0,0.47,0.0,0.92,0.7,Right
2011,8.11,2.0,36.36,40.91,3.29,6.59,2.72,0.0,0.08,0.0,0.5,0.32,Right
2012,5.77,0.62,42.35,12.94,5.22,27.06,3.85,0.0,0.04,0.0,1.76,0.0,Right
2005,41.67,1.23,11.9,28.57,4.43,4.8,5.22,0.24,0.1,0.0,2.11,0.0,Right
2006,45.78,1.88,16.87,21.69,7.63,0.7,2.74,0.35,2.56,0.0,0.0,0.0,Right
2007,47.22,0.9,7.09,16.67,14.81,9.26,0.87,0.0,1.02,0.0,1.4,0.0,Right
2009,19.35,1.68,25.81,37.1,10.4,1.37,2.67,0.47,0.0,0.0,0.35,0.0,Left
2010,7.56,4.96,14.66,40.0,27.5,2.03,3.17,0.83,0.0,0.0,0.64,0.0,Left
2011,17.41,4.26,16.42,44.44,19.24,0.8,0.18,0.0,0.0,0.0,0.15,0.0,Left
2012,10.88,3.4,25.74,46.67,6.21,0.01,2.68,0.0,0.0,0.0,5.25,0.0,Left
2014,6.25,3.03,8.89,16.1,3.85,55.81,6.43,0.0,0.0,0.0,0.0,0.0,Left
2006,82.8,5.38,11.83,0.0,0.0,0.0,0.0,0.0,0.0,0.0,0.0,0.0,Right
2008,72.13,1.79,22.13,0.0,0.0,0.06,2.74,0.0,0.0,0.0,0.56,0.76,Left
2009,56.76,2.69,23.42,6.62,0.07,0.0,6.19,0.24,0.06,1.11,1.93,0.67,Left
2010,25.77,1.93,53.61,5.4,4.92,0.14,2.16,0.0,1.11,0.74,3.64,0.04,Left
2011,19.86,0.69,63.01,5.29,3.89,0.0,2.54,0.0,1.38,0.65,2.95,0.16,Left
2013,37.1,15.32,11.29,20.97,0.11,1.52,3.29,0.0,0.0,0.55,8.87,0.49,Left
2014,34.48,7.98,22.99,13.79,5.48,0.12,0.31,0.0,3.69,3.24,6.98,0.54,Left
2005,32.1,1.41,20.99,29.63,8.35,0.0,4.42,0.0,0.98,0.0,0.12,1.1,Right
2006,16.54,2.22,25.98,14.96,9.45,0.35,29.13,0.0,1.35,0.0,0.04,0.2,Right
2007,24.11,1.84,21.43,27.68,10.71,1.44,7.04,0.0,1.21,0.0,0.67,4.35,Right
2008,38.81,0.66,14.18,23.13,11.19,0.9,8.21,0.0,0.68,0.0,0.58,1.79,Right
2009,24.8,1.23,13.6,23.2,11.2,5.82,18.4,0.0,0.16,0.0,0.42,1.91,Right
2010,17.07,0.42,19.51,25.61,20.73,9.87,6.19,0.0,0.05,0.0,0.12,0.87,Right
2011,18.13,1.17,14.02,24.0,26.0,11.53,2.42,0.0,0.83,0.0,0.12,0.75,Right
2012,10.67,7.58,22.58,29.03,15.17,12.54,1.29,0.0,0.0,0.0,0.32,0.56,Right
2013,11.9,0.9,26.56,34.38,11.29,9.61,3.84,0.0,0.0,0.0,0.04,0.76,Right
2005,83.32,0.77,7.43,7.0,0.08,0.77,0.16,0.27,0.04,0.0,0.06,0.04,Left
2006,72.8,4.02,8.66,11.59,0.16,1.04,0.32,0.33,1.06,0.0,0.1,0.03,Left
2007,46.54,4.23,26.15,14.23,1.06,1.28,1.72,0.69,4.23,0.0,0.05,0.0,Left
2008,35.6,5.83,31.39,12.3,2.03,1.53,2.35,1.23,3.56,0.0,0.1,4.21,Left
2010,35.76,9.38,18.75,19.79,1.36,1.98,1.94,0.91,0.43,0.0,0.3,9.72,Left
2011,34.12,12.55,26.67,14.9,2.19,1.21,0.8,0.73,0.73,0.0,0.01,6.27,Left
2012,43.91,4.43,27.68,15.5,2.21,0.74,1.87,1.06,0.0,0.0,0.11,2.51,Left
2013,31.47,11.55,24.7,21.51,3.22,2.16,2.16,0.91,1.46,0.0,0.31,0.39,Left
2005,44.41,2.56,6.95,19.94,2.22,10.88,5.72,4.37,2.16,0.0,0.27,0.52,Left
2007,42.84,3.77,8.43,18.85,4.28,9.32,4.87,5.69,1.63,0.0,0.24,0.08,Left
2008,43.65,3.83,16.94,14.92,3.31,7.5,3.62,1.31,3.9,0.0,0.67,0.35,Left
2009,39.42,3.47,8.3,33.82,2.72,6.05,2.97,0.56,1.9,0.0,0.28,0.51,Left
2010,24.67,4.35,10.35,30.59,5.67,17.88,3.31,0.62,1.41,0.0,0.75,0.38,Left
2012,34.49,3.68,19.96,21.7,4.76,5.76,2.01,0.58,2.14,0.0,0.57,4.29,Left
2013,14.45,2.01,21.01,35.87,3.4,15.95,0.5,0.86,1.32,0.0,0.48,4.09,Left
2014,24.7,1.87,19.61,30.16,7.11,11.38,2.32,0.15,1.12,0.0,0.24,1.42,Left
2005,2.86,0.64,49.17,11.98,6.2,1.56,2.36,0.3,0.01,0.0,0.22,24.38,Right
2006,11.28,4.87,30.26,13.85,12.82,3.7,3.83,0.1,0.82,0.0,0.07,18.46,Right
2008,4.29,3.35,46.79,23.08,1.0,2.63,7.69,0.0,0.39,0.0,0.32,10.9,Right
2009,13.33,14.29,48.57,10.48,5.06,1.08,6.63,0.0,0.24,0.0,0.93,0.0,Right
2010,4.23,5.02,44.95,14.68,9.17,6.02,11.01,0.0,0.03,0.0,3.74,0.37,Right
2011,1.44,2.83,42.0,11.0,2.16,2.01,37.0,0.0,0.0,0.0,1.34,0.0,Right
2013,7.34,9.34,39.29,35.31,3.94,0.0,4.95,0.0,0.0,0.0,0.44,0.0,Right
2014,19.04,3.39,38.01,33.34,5.81,0.0,0.2,0.0,0.0,0.0,0.25,0.0,Right
2005,28.3,12.47,19.08,20.95,12.47,2.12,4.36,0.0,0.0,0.0,0.09,0.27,Left
2006,13.42,6.81,26.65,25.68,16.15,2.53,7.0,0.17,0.0,0.0,1.1,0.69,Left
2007,31.25,4.84,27.5,17.66,10.47,1.56,5.62,0.03,0.01,0.0,0.58,0.6,Left
2008,20.55,7.36,25.86,20.72,13.36,1.28,8.39,0.0,1.71,0.0,0.28,0.58,Left
2009,17.4,11.6,25.71,19.28,16.77,1.27,7.05,0.14,0.0,0.0,0.27,0.58,Left
2010,14.06,4.02,34.31,21.95,18.7,0.93,5.1,0.02,0.0,0.0,0.4,0.39,Left
2011,13.95,5.81,34.88,22.09,15.45,1.43,5.81,0.0,0.0,0.0,0.04,0.63,Left
2012,12.61,6.47,28.28,27.94,14.31,2.73,6.64,0.0,0.37,0.0,0.11,0.59,Left
2013,7.69,5.06,29.76,17.81,26.32,2.63,9.11,0.0,0.51,0.0,0.48,0.52,Left
2014,8.57,5.05,40.44,18.24,10.99,5.71,9.67,0.03,0.05,0.0,0.11,1.0,Left
2005,33.2,4.92,17.62,18.03,8.61,3.23,11.48,0.0,0.0,1.01,0.23,1.25,Right
2006,30.77,3.7,17.09,32.05,8.12,2.88,3.37,0.0,0.61,0.28,0.0,0.85,Right
2007,25.32,5.13,19.87,29.17,4.49,2.89,8.65,0.0,0.37,3.21,0.0,0.45,Right
2009,10.48,2.86,39.05,25.24,13.33,5.24,1.86,0.0,0.0,1.54,0.09,0.41,Right
2010,18.64,1.46,16.1,33.9,20.34,1.56,1.36,0.0,1.12,2.6,2.56,0.21,Right
2011,20.16,3.36,17.74,23.39,13.71,12.1,7.96,0.0,0.13,0.26,0.09,0.07,Right
2012,30.29,2.3,24.57,17.71,1.74,3.06,16.0,0.0,0.0,2.2,1.34,0.55,Right
2014,19.51,1.14,11.38,34.96,3.35,20.33,3.94,0.0,0.0,4.52,0.0,0.35,Left
2005,22.09,5.29,6.36,51.61,4.62,6.36,3.35,0.0,0.29,0.01,0.02,0.0,Right
2007,9.67,6.25,10.86,44.49,9.52,10.42,6.85,0.0,1.64,0.0,0.31,0.0,Right
2008,11.65,3.57,7.73,58.98,7.25,6.42,4.04,0.0,0.23,0.02,0.09,0.0,Right
2009,16.52,3.79,9.55,44.24,12.88,5.15,5.91,0.0,1.82,0.0,0.05,0.0,Right
2010,12.89,7.99,12.11,42.01,15.21,3.61,5.15,0.0,0.3,0.0,0.62,0.0,Right
2012,20.28,8.76,6.68,32.49,13.13,5.07,13.36,0.0,0.44,0.01,0.0,0.0,Left
2013,34.02,13.04,5.63,27.62,8.95,6.39,3.58,0.0,0.19,0.01,0.71,0.0,Left
2014,15.84,19.46,8.14,40.27,9.95,3.21,1.58,0.0,0.42,0.04,0.86,0.0,Left
2005,53.11,3.19,13.78,10.25,5.04,4.87,8.57,0.0,0.84,0.16,0.29,0.07,Left
2006,75.56,2.1,2.89,6.57,5.26,2.5,3.81,0.0,0.63,0.19,0.03,0.32,Left
2007,41.65,3.2,5.95,16.93,6.86,8.24,16.25,0.0,0.08,0.24,0.17,0.31,Left
2009,74.09,1.06,2.07,7.15,6.68,4.93,2.54,0.0,1.17,0.11,0.08,0.17,Left
2010,11.67,1.52,4.92,20.56,28.89,22.22,7.22,0.0,1.06,0.3,0.26,1.73,Left
2011,10.31,4.22,3.5,26.46,19.28,8.07,22.87,0.0,3.39,0.25,1.3,0.23,Left
2012,8.03,2.75,5.62,17.67,34.54,6.43,9.24,0.0,14.06,0.21,1.78,0.09,Left
2014,18.33,1.9,3.71,40.83,16.67,5.25,11.67,0.0,0.31,0.01,0.17,0.69,Left
2006,31.71,13.01,6.91,10.57,21.95,8.94,4.62,0.03,0.28,0.0,1.04,0.0,Right
2007,25.81,6.5,7.24,13.98,24.73,11.83,5.84,1.45,0.16,0.0,1.77,0.96,Right
2008,18.78,2.47,8.16,55.1,6.12,2.44,3.87,0.39,0.03,0.0,0.7,2.23,Right
2009,19.05,9.82,15.48,25.0,22.62,2.54,4.0,0.51,0.06,0.0,1.01,0.46,Right
2010,15.38,13.59,12.96,16.92,23.08,8.58,5.71,1.32,0.05,0.0,2.17,0.0,Right
2012,17.05,4.23,13.64,32.95,18.18,1.96,5.83,0.0,0.0,0.0,7.71,0.0,Right
2013,12.5,4.41,29.69,27.34,14.06,0.96,5.48,0.07,0.0,0.0,4.26,0.0,Right
2014,22.22,9.39,11.44,35.19,16.18,0.99,3.45,0.13,0.18,0.0,0.63,0.0,Right
2005,68.97,3.94,7.83,14.97,1.24,0.19,1.0,0.0,0.46,0.32,0.13,0.96,Left
2006,67.09,2.08,5.71,13.04,1.0,5.98,0.66,0.0,0.35,0.0,0.13,4.01,Left
2007,58.54,1.92,8.42,19.62,1.68,6.34,0.45,0.12,0.22,0.0,0.05,2.7,Left
2008,64.82,0.96,8.19,19.93,1.47,0.9,1.13,0.0,0.23,0.0,0.45,1.98,Left
2009,61.1,3.15,13.9,16.71,1.17,0.23,0.57,0.09,0.13,0.0,0.28,2.69,Left
2011,57.99,3.02,7.99,19.82,0.73,0.68,0.46,0.0,0.49,0.0,0.47,8.24,Left
2012,62.83,2.51,7.01,13.72,0.2,3.98,0.81,0.0,0.88,0.0,1.33,6.78,Left
2013,60.98,1.35,5.62,22.74,1.4,0.78,0.5,0.0,0.31,0.02,1.35,4.89,Left
2014,61.77,0.57,6.15,24.86,2.87,0.9,0.98,0.0,0.23,0.12,0.28,1.31,Left
2005,22.52,2.26,13.25,26.49,2.46,14.57,7.95,0.0,9.27,0.08,0.0,0.65,Right
2006,29.75,5.84,9.49,14.56,4.62,22.15,2.61,0.0,10.13,0.06,0.0,0.84,Right
2007,48.0,2.32,11.2,12.8,10.4,10.4,2.36,0.0,1.74,0.0,0.0,0.48,Right
2008,44.59,2.12,13.51,14.86,5.41,13.16,2.1,0.0,0.7,0.0,0.0,1.7,Right
2010,27.52,1.28,35.78,23.85,5.77,4.21,0.19,0.0,0.55,0.0,0.46,0.22,Right
2011,37.19,8.26,14.05,21.49,5.71,5.72,3.36,0.0,1.89,0.0,1.8,0.43,Right
2012,29.85,13.23,13.7,25.37,5.57,8.59,2.96,0.0,0.82,0.0,0.0,0.79,Right
2013,21.54,0.86,13.43,32.31,4.13,11.03,14.35,0.0,0.36,0.0,0.0,1.35,Right
2005,41.6,6.64,6.02,26.57,5.14,10.03,2.26,0.0,0.02,0.57,0.02,1.03,Left
2006,33.97,4.23,5.85,29.74,8.77,14.62,1.71,0.0,0.02,0.02,0.33,0.83,Left
2008,35.79,0.28,8.91,24.61,15.28,8.91,4.95,0.0,0.12,0.0,0.13,0.98,Right
2009,31.8,1.1,9.54,32.51,7.24,8.83,6.18,0.0,0.0,0.82,0.98,0.85,Right
2010,36.98,0.9,4.73,29.59,6.51,11.24,5.33,0.0,0.02,2.25,1.72,1.15,Right
2011,17.22,1.44,5.14,53.98,5.66,7.71,5.14,0.0,0.02,1.95,0.59,1.25,Right
2013,16.2,2.6,10.28,36.14,7.17,5.61,4.67,0.0,17.13,0.0,0.13,0.2,Right
2014,16.43,0.58,20.36,25.0,16.43,17.5,2.98,0.0,0.0,0.0,0.17,0.23,Right
2005,17.0,0.74,31.0,23.0,4.51,0.56,10.0,0.0,0.3,0.0,0.17,12.0,Left
2006,39.08,0.79,31.03,16.09,5.75,0.54,0.86,0.0,0.01,0.0,0.01,6.52,Left
2007,21.55,1.99,26.72,31.03,4.59,10.34,3.51,0.0,0.0,0.0,0.09,0.0,Left
2008,25.79,1.31,36.48,32.7,1.91,1.68,0.81,0.0,0.0,0.0,0.02,0.0,Left
2009,31.0,0.52,37.0,25.0,1.53,1.24,3.49,0.0,0.0,0.0,0.07,0.0,Left
2011,9.16,0.94,43.55,29.03,15.25,0.0,0.62,0.0,1.49,0.0,0.64,0.0,Right
2012,16.56,0.65,51.35,20.05,5.43,1.15,0.76,0.0,4.74,0.0,0.18,0.29,Right
2013,13.13,0.11,16.66,60.42,5.62,0.0,0.0,0.0,0.8,0.0,0.02,1.66,Right
2014,8.76,0.42,16.24,61.82,5.88,0.23,0.88,0.0,0.45,0.0,0.0,3.85,Right
2005,65.79,4.56,8.77,9.65,5.44,2.63,2.63,0.06,0.21,0.0,0.0,0.05,Right
2006,77.7,3.48,4.92,4.2,1.32,7.07,1.2,0.0,0.0,0.0,0.0,0.05,Right
2007,18.84,3.88,8.03,23.82,6.65,24.65,3.32,0.0,0.0,0.0,0.0,10.53,Right
2009,21.27,4.05,17.22,17.47,7.85,10.38,3.04,0.0,0.03,0.0,0.08,18.48,Left
2010,23.62,1.98,13.59,24.92,11.33,14.24,8.09,0.0,0.05,0.0,0.53,2.28,Left
2011,40.08,2.35,6.61,18.68,7.78,16.34,7.39,0.0,0.04,0.0,0.4,0.68,Left
2012,24.51,3.73,10.39,36.08,6.86,8.43,8.63,0.0,0.4,0.0,0.0,1.08,Left
2014,25.61,5.49,18.9,29.27,10.37,5.6,5.23,0.0,0.1,0.0,0.0,0.01,Left
2005,11.11,13.45,50.29,7.6,4.24,0.92,5.6,0.0,0.22,0.0,0.45,6.43,Right
2006,14.63,9.76,34.96,9.76,4.94,0.0,9.76,0.0,12.2,0.0,0.47,4.57,Right
2007,9.42,5.51,36.23,6.97,8.7,0.92,18.12,0.0,11.59,0.0,0.28,1.5,Right
2009,14.29,3.61,37.14,27.14,7.6,0.56,7.75,0.0,0.08,1.0,0.48,0.0,Right
2010,8.22,6.7,26.23,39.34,12.06,3.87,0.51,0.0,3.16,0.0,0.93,0.0,Right
2011,9.32,13.6,37.68,24.64,6.03,6.15,1.18,0.0,0.51,0.0,0.5,0.0,Right
2012,13.7,11.74,15.07,50.68,4.53,0.58,0.21,0.0,0.03,0.0,2.24,0.0,Right
2014,48.86,22.73,9.74,6.32,2.08,9.63,0.12,0.0,0.0,0.0,1.03,0.0,Left
